video_id,url,title,channel,channel_id,published_at,age_days,views,likes,comments,subscribers,views_per_subscriber,views_per_day,comments_per_1k_views,like_rate_pct,duration_sec,duration,is_short,format,format_confidence,format_needs_manual_check,format_signals,comments_enabled
yMfEvSPO8KQ,https://youtu.be/yMfEvSPO8KQ,혼자 있어야 편한 띠 #띠별운세 #혼자사는법 #공감글,늘푸른 지혜의 숲,UCbSfA67ac6TF13T7XFw2VlQ,2025-10-29,303,2553542,4292,95,53200,48,8428,0.04,0.17,7,0:07,true,unknown,low,true,dur<=20m,true
B_zaY5sLHXo,https://youtu.be/B_zaY5sLHXo,"[#유퀴즈온더블럭] 혼자가 제일 편하다는 내향인💦 그 행복, 진짜일까?🤔 행복 심리학자가 말하는 내향인의 진실👀",디글 :Diggle,UCWYzc_p0GgfCepIWDHGFmEg,2025-07-11,413,2044167,17543,769,4300000,0.48,4950,0.38,0.86,980,16:20,false,나레이션,high,false,title:심리학|title:심리|title:진실|dur>=4m|dur<=20m,true
MKNj6oEqPUc,https://youtu.be/MKNj6oEqPUc,나이들수록 오히려 혼자가 되면 편합니다. 친구 없어도 잘사는 사람의 특징 (최명기 원장 1부),지식인사이드,UCA_hgsFzmynpv1zkvA5A7jA,2023-09-18,1075,1987866,41415,3147,4020000,0.49,1849,1.58,2.08,983,16:23,false,나레이션,high,false,title:특징|dur>=4m|dur<=20m,true
CkAJFI65YVk,https://youtu.be/CkAJFI65YVk,혼자가 편한 사람 특징,픽고 PICKGO,UC2fRmj7qqiuD5VXtBO4hh2A,2023-04-22,1224,1808082,22702,2200,1170000,1.55,1477,1.22,1.26,383,6:23,false,나레이션,high,false,title:특징|dur>=4m|dur<=20m,true
k7N_6YjTwdI,https://youtu.be/k7N_6YjTwdI,점점 혼자가 편한 이유,픽고 PICKGO,UC2fRmj7qqiuD5VXtBO4hh2A,2023-12-01,1001,1799143,46578,1175,1170000,1.54,1797,0.65,2.59,58,0:58,true,나레이션,high,false,title:이유|dur<=20m,true
ipqx78dYBPk,https://youtu.be/ipqx78dYBPk,혼자 살다가 행복하게 죽는 5가지 방법 #삶의지혜 #행복한노후 #100세시대,골든가이드,UCR4zTjPzDeYunRhr4vjdmMw,2025-07-04,419,1641400,23427,432,14700,111.66,3917,0.26,1.43,59,0:59,true,unknown,low,true,dur<=20m,true
XQmrY3U2R_Q,https://youtu.be/XQmrY3U2R_Q,나이들수록 혼자가 행복한 이유 | 온전한 나로써 행복해지는 법 | 쇼펜하우어의 인생론 행복론 | 처세술 | 명언 | 인생의 지혜 | 인간관계,만인의 현인,UCGvAq8dSFD2dJE7h6wFz0QA,2023-08-08,1116,1529363,17405,858,12400,123.34,1370,0.56,1.14,1041,17:21,false,나레이션,high,false,title:이유|dur>=4m|dur<=20m,true
yDZ9zgeZn7c,https://youtu.be/yDZ9zgeZn7c,"친구 한 명 없어도 혼자 잘 지내는 사람들의 '3가지' 장점 (최명기 원장, 한석준 아나운서, 이헌주 교수, 김아라 소장)",지식인사이드,UCA_hgsFzmynpv1zkvA5A7jA,2024-05-04,846,1415475,18295,514,4020000,0.35,1673,0.36,1.29,5411,1:30:11,false,강의,medium,true,title:교수|dur>=12m,true
uWoOrxWxeHM,https://youtu.be/uWoOrxWxeHM,은지원 명언 l 결혼을 신중하게 해야하는 이유.,멘탈케어::힐링 심리학 채널::,UC5FrwbjA_vjmU9nGbjpbwyg,2024-04-07,872,1395585,14962,3657,564000,2.47,1600,2.62,1.07,674,11:14,false,나레이션,high,false,title:이유|dur>=4m|dur<=20m,true
3aKqWJ4hu24,https://youtu.be/3aKqWJ4hu24,혼자 있는 게 더 편한 사람 외향인도 내향인도 아닌 '이 유형' 입니다 ㅣ Ep. 책과사람 70 (김경일 교수님 1부),책과삶,UCgUaqrLRGLL-dHislR1e2TA,2026-04-03,147,1345266,20587,1844,1190000,1.13,9151,1.37,1.53,1412,23:32,false,강의,medium,true,title:교수|dur>=12m,true
Up8EKG5IxdY,https://youtu.be/Up8EKG5IxdY,똑똑한 사람일수록 친구 적고 외로움 덜 타는 이유ㅣ인간설명서 EP.6,지식인사이드,UCA_hgsFzmynpv1zkvA5A7jA,2024-12-06,630,1160653,15323,2436,4020000,0.29,1842,2.1,1.32,969,16:09,false,나레이션,high,false,title:이유|dur>=4m|dur<=20m,true
QFAIVfI4Vl8,https://youtu.be/QFAIVfI4Vl8,"""친구 한 명도 없는 것, 오히려 좋다"" 혼자 있는 시간이 많을수록 점점 똑똑해지는 이유 (이헌주 교수 통합본)",책과삶,UCgUaqrLRGLL-dHislR1e2TA,2025-12-22,249,1141475,18325,1370,1190000,0.96,4584,1.2,1.61,2329,38:49,false,강의,medium,true,title:교수|dur>=12m,true
3a9uKBrUtLU,https://youtu.be/3a9uKBrUtLU,‼️혼자일 때 (이때가) 진짜 삶을 바꿀 기회다.ㅣ'이혼숙려캠프 상담가' 이호선 숭실사이버대학교 교수ㅣ인생강의,하와이 대저택,UCO-e0J-Qsilkv_4tBa3LyYw,2025-04-08,506,1105405,20153,826,1030000,1.07,2185,0.75,1.82,1256,20:56,false,강의,high,false,title:강의|title:교수|desc:강의|dur>=12m,true
h5fpQoymxfg,https://youtu.be/h5fpQoymxfg,"혼자 시간을 보내는 사람이 매력 있는 이유, 외로움을 다루는 방법 (feat.오은영)[인스타그램, 인스타중독, SNS, 오은영, 외로움, 자존감, 우울증]",도서관 오목눈이,UCuM4YS939FPkjZlVu21Dw-Q,2023-02-17,1288,1034633,30638,521,20700,49.98,803,0.5,2.96,884,14:44,false,나레이션,high,false,title:이유|dur>=4m|dur<=20m,true
0QJSVjiH1gE,https://youtu.be/0QJSVjiH1gE,"진정한 친구가 없어도, 잘사는 사람들의 특징 '3가지' (양창순 박사 2부)",지식인사이드,UCA_hgsFzmynpv1zkvA5A7jA,2023-12-11,990,891658,15342,625,4020000,0.22,901,0.7,1.72,1243,20:43,false,나레이션,medium,true,title:특징|title:사람들|dur>=4m,true
2CD0r-cKHDI,https://youtu.be/2CD0r-cKHDI,나이들수록 혼자가 편해지는 이유. 친구 없이 혼자서 행복해지는 방법 ㅣ Ep. 26 책과사람 (서경석 개그맨 1부),책과삶,UCgUaqrLRGLL-dHislR1e2TA,2025-08-23,370,888692,13899,929,1190000,0.75,2402,1.05,1.56,1549,25:49,false,나레이션,high,false,title:이유|dur>=4m,true
8raIou7wvlM,https://youtu.be/8raIou7wvlM,혼자가 더 편한 내향적인 사람의 특징,놀면서 배우는 심리학,UCONTlrUj5pVn7LammlleLJg,2023-10-17,1046,856928,16287,1057,870000,0.98,819,1.23,1.9,49,0:49,true,나레이션,high,false,title:특징|dur<=20m,true
_sFx1weWGmo,https://youtu.be/_sFx1weWGmo,"나이 들수록 혼자가 되어야 하는 이유ㅣ노후에는 혼자가 행복하다ㅣ평생친구는 없다ㅣ인간관계ㅣ쇼펜하우어, 니체, 알베르 카뮈, 루소 명언 인생조언",책사람,UCQHQq-DcQZuuMasJ6dUjnyQ,2023-06-13,1172,834974,14629,855,49500,16.87,712,1.02,1.75,1535,25:35,false,나레이션,high,false,title:이유|desc:오디오북|desc:목소리|dur>=4m,true
6yKBuD8mCqg,https://youtu.be/6yKBuD8mCqg,"혼자 있을 때 더 편안한 사람, 알고보니 '이 유형' 입니다 (김경일 교수님 통합본)",책과삶,UCgUaqrLRGLL-dHislR1e2TA,2026-05-01,119,672812,13632,704,1190000,0.57,5654,1.05,2.03,2510,41:50,false,강의,medium,true,title:교수|dur>=12m,true
wN7PzdNh2Ak,https://youtu.be/wN7PzdNh2Ak,가족과 사는 게 즐겁다고? '행복한 사람'은 절대 무작정 결혼하지 않습니다! | 김경일 심리학과 교수 1부,"꿈을 찾는 사람들 강연,강의,강사,꿈찾사",UCf2sS5ir4AQPq1dhaRBuyvw,2023-04-10,1236,611737,10585,815,120000,5.1,495,1.33,1.73,553,9:13,false,나레이션,high,false,title:심리학|title:심리|dur>=4m|dur<=20m,true
Il2YDoypN-E,https://youtu.be/Il2YDoypN-E,혼자서 잘 사는 사람 특징,놀면서 배우는 심리학,UCONTlrUj5pVn7LammlleLJg,2024-12-19,616,609318,10471,284,870000,0.7,989,0.47,1.72,40,0:40,true,나레이션,high,false,title:특징|dur<=20m,true
Z-RrLaCDb54,https://youtu.be/Z-RrLaCDb54,함께 있어도 혼자 겉도는 사람의 2가지 특징,비치키,UCK2n3rqhkDM4zRhx2dC7weA,2026-01-17,223,571024,14326,735,835000,0.68,2561,1.29,2.51,349,5:49,false,나레이션,high,false,title:특징|dur>=4m|dur<=20m,true
GoqsfnmQ2eM,https://youtu.be/GoqsfnmQ2eM,혼자 있는게 더 행복한 사람의 특징,놀면서 배우는 심리학,UCONTlrUj5pVn7LammlleLJg,2024-05-08,842,570301,11701,455,870000,0.66,677,0.8,2.05,56,0:56,true,나레이션,high,false,title:특징|dur<=20m,true
vRjm0525Mk8,https://youtu.be/vRjm0525Mk8,혼자가 편한 사람 특징 | 위로 | 동기부여 | 인생조언 | 명언 | 좋은글귀,인생한줄,UCbXiH6KyXl_gcYiF2K9UfsA,2025-03-24,522,561731,4956,187,50600,11.1,1076,0.33,0.88,29,0:29,true,카드,high,false,title:명언|title:글귀|desc:명언|desc:글귀|dur<=5m,true
7XR-q8MhrPI,https://youtu.be/7XR-q8MhrPI,혼자 있을 때 가장 행복한 사람 특징,놀면서 배우는 심리학,UCONTlrUj5pVn7LammlleLJg,2024-06-18,801,555661,9565,279,870000,0.64,694,0.5,1.72,36,0:36,true,나레이션,high,false,title:특징|dur<=20m,true
rKsJTOqSevQ,https://youtu.be/rKsJTOqSevQ,"""혼자가 가장 행복하다."" 사람이 굳이 외향적일 필요 없는 이유 (남인숙 작가 통합본)",지식인사이드,UCA_hgsFzmynpv1zkvA5A7jA,2024-09-28,699,530763,9588,375,4020000,0.13,759,0.71,1.81,3110,51:50,false,나레이션,medium,true,title:이유|dur>=4m,true
KphLtJhedBA,https://youtu.be/KphLtJhedBA,친구가 없어도 '혼자 잘 지내는' 사람 특징,멘탈케어::힐링 심리학 채널::,UC5FrwbjA_vjmU9nGbjpbwyg,2022-07-31,1488,527688,10788,944,564000,0.94,355,1.79,2.04,329,5:29,false,나레이션,high,false,title:특징|dur>=4m|dur<=20m,true
BCyPSuiqDEk,https://youtu.be/BCyPSuiqDEk,혼자 있는 게 편하다는 사람들의 진짜 속마음ㅣ지식인초대석 EP.65 (박재연 소장 2부),지식인사이드,UCA_hgsFzmynpv1zkvA5A7jA,2025-09-21,341,464915,8985,212,4020000,0.12,1363,0.46,1.93,1771,29:31,false,나레이션,high,false,title:사람들|dur>=4m,true
Xs7LxgoUOak,https://youtu.be/Xs7LxgoUOak,혼자가 더 편한 회피형 특징,놀면서 배우는 심리학,UCONTlrUj5pVn7LammlleLJg,2024-07-31,758,453488,6527,624,870000,0.52,598,1.38,1.44,48,0:48,true,나레이션,high,false,title:특징|dur<=20m,true
NmRlvchJpv0,https://youtu.be/NmRlvchJpv0,인간관계에 지쳐서 혼자가 편한 사람들의 특징,놀면서 배우는 심리학,UCONTlrUj5pVn7LammlleLJg,2025-09-02,360,413096,7159,369,870000,0.47,1147,0.89,1.73,67,1:07,false,나레이션,high,false,title:특징|title:사람들|dur<=20m,true