channel_id,channel,url,created_at,age_days,subscribers,total_views,video_count,subs_per_day,views_per_video,views_per_subscriber,upload_cadence_per_week,philosophy_score,philosophy_terms,surfaced_by,hidden_subs
UCi1QIcN6ZaXNUmH3_3OUtww,현인의등불,https://www.youtube.com/channel/UCi1QIcN6ZaXNUmH3_3OUtww,2026-01-25,215,35000,3684272,42,162.8,87721,105.3,1.4,3,철학|인문학|맹자,삶의 의미 철학,false
UC0GexWeBf9zYaVPI9pxjp6A,잠결에듣는세계사,https://www.youtube.com/channel/UC0GexWeBf9zYaVPI9pxjp6A,2025-12-18,253,32700,4904738,187,129.2,26229,150,5.2,2,철학|인문학,철학|인문학|철학 강의,false
UCDbZBPI9IMdukzxiy2PTt7Q,위인의 지혜,https://www.youtube.com/channel/UCDbZBPI9IMdukzxiy2PTt7Q,2025-09-16,345,41800,3647752,239,121.2,15263,87.3,4.8,3,철학|인문학|사유,삶의 의미 철학,false
UC1EJrCZ6yiyLdwAo6VQ38mg,삶과 쉼터,https://www.youtube.com/channel/UC1EJrCZ6yiyLdwAo6VQ38mg,2025-11-04,297,29300,4929821,105,98.7,46951,168.3,2.5,2,철학|불교,철학 유튜브|니체|쇼펜하우어|철학 강의|삶의 의미 철학|철학자,false
UCD0E-zH1e1lNmGIv-V11s0g,거인의 속삭임,https://www.youtube.com/channel/UCD0E-zH1e1lNmGIv-V11s0g,2025-11-14,287,25000,2754811,148,87.1,18614,110.2,3.6,3,철학|니체|쇼펜하우어,인문학|쇼펜하우어|철학 강의|삶의 의미 철학,false
UCseeBH9qLubTz6SmY5mwlxA,책깃스튜디오,https://www.youtube.com/channel/UCseeBH9qLubTz6SmY5mwlxA,2025-10-28,304,24600,1542930,176,80.9,8767,62.7,4.1,2,철학|인문학,인문학,false
UCyeUSpc55Kw2joDLAeVauUg,철학의만화방,https://www.youtube.com/channel/UCyeUSpc55Kw2joDLAeVauUg,2026-03-11,170,13600,7491065,136,80,55081,550.8,5.6,4,철학|니체|쇼펜하우어|스토아,철학|철학 유튜브|니체|쇼펜하우어,false
UCL2NPsfB-mrubFFy1EgWIhg,책방 민준씨,https://www.youtube.com/channel/UCL2NPsfB-mrubFFy1EgWIhg,2026-02-22,186,13500,1153977,36,72.6,32055,85.5,1.4,3,철학|인문학|실존,인문학|실존주의|철학자,false
UC8VHusOvhF39wb4k0vYr1dA,위인의 하루,https://www.youtube.com/channel/UC8VHusOvhF39wb4k0vYr1dA,2025-09-09,352,23800,2790463,326,67.6,8560,117.2,6.5,3,철학|공자|맹자,쇼펜하우어|철학 강의,false
UCL779l2Q2067vx_CdjLX0Cw,인생을 깨우는 명언,https://www.youtube.com/channel/UCL779l2Q2067vx_CdjLX0Cw,2026-06-20,69,3560,261944,61,51.6,4294,73.6,6.2,6,철학|쇼펜하우어|노자|장자|맹자|불교,삶의 의미 철학,false
UCDRffcUrQqchZnMZkc5NhkA,지혜의 달빛 ,https://www.youtube.com/channel/UCDRffcUrQqchZnMZkc5NhkA,2025-12-06,265,13200,781183,69,49.8,11321,59.2,1.8,6,철학|노자|공자|불교|유교|도덕경,노자 도덕경|동양철학,false
UC9PgWRoHcT3OjJ2DV-2MdKw,붓다의 등불,https://www.youtube.com/channel/UC9PgWRoHcT3OjJ2DV-2MdKw,2026-03-10,171,7840,1298356,51,45.8,25458,165.6,2.1,2,철학|불교,불교 철학,false
UCZAuI-bAckZ4xFk_T9SB8vg,빛의진리,https://www.youtube.com/channel/UCZAuI-bAckZ4xFk_T9SB8vg,2025-09-07,355,15900,1143072,59,44.8,19374,71.9,1.2,2,철학|불교,불교 철학,false
UCgsvwTmR3I3wO1Mqio8x1RQ,사유의 숲,https://www.youtube.com/channel/UCgsvwTmR3I3wO1Mqio8x1RQ,2025-10-07,325,13600,1156910,287,41.8,4031,85.1,6.2,6,철학|인문학|사유|실존|니체|소크라테스,실존주의,false
UCiT9LkikMjv3YDPGjb8PF6w,불교전설법당,https://www.youtube.com/channel/UCiT9LkikMjv3YDPGjb8PF6w,2026-02-02,207,8560,459768,19,41.4,24198,53.7,0.6,2,철학|불교,불교 철학,false
UCtMV3-czJBGIZAE77sF1eVg,부처님이야기,https://www.youtube.com/channel/UCtMV3-czJBGIZAE77sF1eVg,2025-10-10,322,13200,908452,78,41,11647,68.8,1.7,2,철학|불교,불교 철학,false
UCGXUxCwPK0fGtMpRgMK58hg,그가 오다,https://www.youtube.com/channel/UCGXUxCwPK0fGtMpRgMK58hg,2025-12-26,244,10000,840559,51,41,16482,84.1,1.5,2,철학|인문학,삶의 의미 철학,false
UCOGnXURs2ajncUDj--6zP2w,지혜의통로,https://www.youtube.com/channel/UCOGnXURs2ajncUDj--6zP2w,2025-09-21,341,12100,1373796,68,35.5,20203,113.5,1.4,2,사유|불교,불교 철학|삶의 의미 철학,false
UCWrTAESfj4GG2i8fl8XrX3g,고요한 문장,https://www.youtube.com/channel/UCWrTAESfj4GG2i8fl8XrX3g,2025-12-03,268,8170,263033,2,30.5,131517,32.2,0.1,4,철학|니체|쇼펜하우어|불교,쇼펜하우어,false
UCaFU1nhX8Awh27uxHroAhQg,현자의 다락방,https://www.youtube.com/channel/UCaFU1nhX8Awh27uxHroAhQg,2025-12-16,255,6660,648454,135,26.1,4803,97.4,3.7,5,철학|인문학|니체|쇼펜하우어|공자,실존주의|철학자,false
UCpaF1NjcHkt2dobbOMFEWsA,침묵 속에서 단련되다,https://www.youtube.com/channel/UCpaF1NjcHkt2dobbOMFEWsA,2025-12-30,241,6150,715800,74,25.5,9673,116.4,2.1,4,철학|스토아|에픽테토스|마르쿠스 아우렐리우스,스토아 철학,false
UCvieWlqbdpbLNEQC8GMciiw,마음의페이지,https://www.youtube.com/channel/UCvieWlqbdpbLNEQC8GMciiw,2026-01-05,234,5880,680980,15,25.1,45399,115.8,0.4,2,철학|사유,쇼펜하우어,false
UCqf985IAE9PZuN-NWwFIjbA,사유의 정원,https://www.youtube.com/channel/UCqf985IAE9PZuN-NWwFIjbA,2025-12-05,265,4240,541284,138,16,3922,127.7,3.6,6,철학|인문학|사유|니체|쇼펜하우어|노자,철학 유튜브|쇼펜하우어,false
UCBcXKxxJVSCMAuxvORhga-Q,불교 철학,https://www.youtube.com/channel/UCBcXKxxJVSCMAuxvORhga-Q,2026-02-04,205,3010,179989,68,14.7,2647,59.8,2.3,3,철학|사유|불교,불교 철학,false
UCcOeC-6Hfu1q13rWdAOyF0A,몰디브조명탄,https://www.youtube.com/channel/UCcOeC-6Hfu1q13rWdAOyF0A,2025-09-29,332,4510,1148926,253,13.6,4541,254.8,5.3,4,철학|니체|쇼펜하우어|맹자,노자 도덕경,false
UCh0ToL9nugMLOoZ9htRk-IQ,황금서고,https://www.youtube.com/channel/UCh0ToL9nugMLOoZ9htRk-IQ,2026-06-02,86,1070,196652,125,12.4,1573,183.8,10.2,3,철학|인문학|맹자,동양철학,false
UCKi24WjYoTb3fvzjjmiaZew,"삼불전-지혜의 등불, 청정기도법당",https://www.youtube.com/channel/UCKi24WjYoTb3fvzjjmiaZew,2025-09-28,333,3980,283691,42,12,6755,71.3,0.9,3,철학|사유|불교,불교 철학,false
UCQRIuNQHHwmQ_es17x-VGPA,김종익,https://www.youtube.com/channel/UCQRIuNQHHwmQ_es17x-VGPA,2025-09-02,359,4230,185715,71,11.8,2616,43.9,1.4,3,철학|인문학|윤리,철학 유튜브,false
UCcl9mByyf4SOX165FQ0St2g,히든마인드,https://www.youtube.com/channel/UCcl9mByyf4SOX165FQ0St2g,2025-09-10,352,3920,1319865,127,11.1,10393,336.7,2.5,2,철학|사유,스토아 철학,false
UCicU7JxWA17zQ-T0Dz6PNUw,부처님 말씀을 전하는 불교채널 마음해부학,https://www.youtube.com/channel/UCicU7JxWA17zQ-T0Dz6PNUw,2025-11-07,294,3030,123729,70,10.3,1768,40.8,1.7,2,철학|불교,불교 철학,false
UCnD86jSUbdNP4MoNWsjKW_Q,지혜의숲과나무,https://www.youtube.com/channel/UCnD86jSUbdNP4MoNWsjKW_Q,2025-12-21,249,2120,290305,91,8.5,3190,136.9,2.6,2,철학|쇼펜하우어,니체|쇼펜하우어,false
UCTNr2sTR95N-V1Q3-BEWDRQ,부처님 품안에,https://www.youtube.com/channel/UCTNr2sTR95N-V1Q3-BEWDRQ,2025-10-30,301,1710,215272,81,5.7,2658,125.9,1.9,2,철학|불교,불교 철학,false
UCEhXYXu6X40TkbFCfYdgXcw,살아있는지혜 ᅵLIVING WISDOM,https://www.youtube.com/channel/UCEhXYXu6X40TkbFCfYdgXcw,2025-10-06,326,1770,572127,353,5.4,1621,323.2,7.6,2,철학|사유,스토아 철학|실존주의,false