video_id,url,title,channel,channel_id,published_at,views,likes,comments,duration,duration_sec,west_names,east_names,cross_strength,cross_in_title,surfaced_by
9P16tX15q0E,https://youtu.be/9P16tX15q0E,"[노자와 니체]""AI가 두려운 당신에게 | 기계가 빨라질수록 인간은 느려져야 하는 이유""""70-80대가 꼭 알아야 할 AI 시대 생존법 | 노자와 니체가 전하는 철학""#오디오북",인생을 밝히는 철학,UCLm9GYRLZic0P7NoxW3V9TQ,2025-12-21,32,1,0,30:58,1858,쇼펜하우어|니체,노자|장자|무위자연,2,true,니체 노자
XQeCI37d0Fw,https://youtu.be/XQeCI37d0Fw,니체는 죽었다 ㅡ우리가 죽였다,너진똑 NJT BOOK,UCA4ZUofyfHIk-qXlAQQV5Hg,2025-06-06,682049,11031,1475,53:15,3195,플라톤|칸트|쇼펜하우어|니체|프로이트|융|하이데거|사르트르|푸코|스토아,용수|불교,2,false,니체 노자|니체 불교|장자 니체
5_oHozPJjXk,https://youtu.be/5_oHozPJjXk,"🌙 틀어놓고 주무세요: 기존의 가치를 파괴한 철학자, 니체의 일생｜깊은 밤, 이야기","깊은 밤, 이야기",UCiP3mCFIOjSJ2hNm3a77QFw,2026-05-25,189469,2726,86,1:44:53,6293,쇼펜하우어|니체,대학,1,false,니체 노자|장자 니체
jpPISwO-mmo,https://youtu.be/jpPISwO-mmo,"우리의 가슴을 뛰게 만드는 니체의 인생 명언, 니체의 인생 수업, 책읽어주는여자 오디오북 korean audiobook",책읽기좋은날,UC17lvWECf2AWRbqKuCcf4VQ,2024-07-21,149624,2829,40,44:45,2685,니체,화두,1,false,니체 노자|장자 니체
46AG9Foa6cA,https://youtu.be/46AG9Foa6cA,니체가 말하는 고독의 힘,지식의 취향,UCKaEKEiswhc9gYL-cwrC49w,2026-08-20,10069,284,13,31:32,1892,니체,요가,1,false,니체 노자|장자 니체
aXEVr2nHyiY,https://youtu.be/aXEVr2nHyiY,[도올김용옥] 국립극단 노자강연 3 헤겔 맑스 니체 프로이드 그리고 노자,도올TV,UCIpQ4Z_y2dObDVDt4T_nleQ,2018-10-15,85770,1404,59,56:21,3381,헤겔|니체,노자,1,true,니체 노자
5qOCg6eFhR4,https://youtu.be/5qOCg6eFhR4,니체와 장자가 바라본 죽음과 소멸 그리고 변화,똑똑한 속삭임,UCxbnLJxvi6-6Lh7bv8Iw_oQ,2025-12-11,507,12,1,8:06,486,니체,장자,1,true,니체 노자|장자 니체
RoDCik5FdBw,https://youtu.be/RoDCik5FdBw,니체가 말하는 절대 잘해줄 필요가 없는 사람 #shorts #명언 #인간관계 #철학 #지혜 #행복 #니체 #쇼펜하우어 #좋은글귀 #처세 #조언 #동기부여 #인생,1%선택,UCBmFVsZcSyln43v7SO1cGew,2026-08-20,395517,10090,181,1:02,62,쇼펜하우어|니체,요가,1,true,니체 노자
DTewx3Tbh5Q,https://youtu.be/DTewx3Tbh5Q,니체가 깨닫고 온몸에 소름이 돋은 레전드 인생 조언 #쇼펜하우어 #니체 #석가모니 #맹자 #명언 #인생조언 #철학 #좋은글 #좋은말 #좋은글귀 #철학 #명언,지혜의 바다,UC7XeH82zOw7e6zCnOdHEJ6w,2025-07-29,101404,2217,27,0:51,51,쇼펜하우어|니체,맹자|석가,2,true,니체 노자|장자 니체
oWDIQsd3Xpc,https://youtu.be/oWDIQsd3Xpc,니체가 귀인에게만 몰래 알려줬다는 충격적인 조언 7가지 #니체 #쇼펜하우어 #석가모니 #맹자 #명언 #인생조언 #철학 #좋은글 #좋은말 #좋은글귀 #철학 #명언,철학하루,UC27h1jhlLFNVuMkQuSuQeIg,2025-08-05,244169,6218,53,1:17,77,쇼펜하우어|니체,맹자|석가,2,true,니체 노자
AiURvRRRBN0,https://youtu.be/AiURvRRRBN0,"진짜 강한 사람은 조용히 이겨낸다 | 노자·세네카·공자 명언, 침묵과 인내의 철학#진짜강한사람 #침묵의힘 #인내의철학 #노자 #세네카 #공자 #shorts",인생의 문장들,UC-ncuW7iVpM5Uh0HDZ5XfNA,2025-04-18,1436,7,0,0:42,42,세네카,노자|공자,1,true,니체 노자
LwMfj9hq1D0,https://youtu.be/LwMfj9hq1D0,인생은 나를 찾는 여정이어야 한다 | 니체와 노자가 강조했던 오리지널리티 | 철학,빠른 철학,UCeWaQzkPsrcmbSxzCNGGUMA,2023-02-17,65,3,0,3:36,216,니체,노자,1,true,니체 노자
0hFIH3i2ntE,https://youtu.be/0hFIH3i2ntE,노자/니체/#shorts/최대의 오만,광장人,UCldUevJXozIqwmqyIZKyhrQ,2022-12-25,853,10,0,0:20,20,니체,노자,1,true,니체 노자
p1K396J4MY8,https://youtu.be/p1K396J4MY8,"역사속 인물 랩배틀 소크라테스, 니체, 볼테르 vs 공자, 노자, 손자",쇼비즈SHOWVidz,UCddUk2Kz0zok2SiDo6h0Zmw,2019-02-13,50819,410,45,4:20,260,소크라테스|니체,노자|공자,2,true,니체 노자|소크라테스 공자
mjg_h7cpoqg,https://youtu.be/mjg_h7cpoqg,[1분 철학] 번지르르한 말은 미덥지 않다 - 노자,지혜와 철학,UC-wBixAHcMKZbbE-l8xeQmw,2023-01-31,506,8,1,0:37,37,플라톤|쇼펜하우어,노자,1,false,니체 노자
29yVHx_o77k,https://youtu.be/29yVHx_o77k,왜 착한 사람은 무시당할까? 스토아·니체·노자의 3가지 지혜,한 문장 마음수업,UC07kb2txyQfYXqPjsENeU8w,2025-09-03,1118,18,0,2:46,166,니체|스토아,노자|도덕경,2,true,니체 노자|스토아 노자
WMgvDJBO2vs,https://youtu.be/WMgvDJBO2vs,지옥에서 나를 꺼내준 니체의 인생 조언,밤길지혜,UCHVYq5fN8wLUXUXzi3GuCMw,2026-08-18,62818,1978,14,1:18,78,쇼펜하우어|니체,맹자,1,false,니체 노자
6CiWuJsmUxU,https://youtu.be/6CiWuJsmUxU,"마음 하나가 모든 걸 바꾼다ㅣ채근담, 명심보감, 석가모니, 노자, 니체, 소크라테스의 인생 명언ㅣ변화는 마음에서 시작된다",명언모음,UCu7cbwEfcBWjAfRi66ilJuA,2025-04-22,11298,322,9,1:20:59,4859,소크라테스|니체,노자|석가,2,true,니체 노자
TTwuERSCi5w,https://youtu.be/TTwuERSCi5w,깊이를 알 수 없는 사람이란 # 노자.도덕경,지식 나누리,UCDpXegLipUjD0XCOdpgKfUw,2024-02-08,7828,164,2,1:00,60,쇼펜하우어|니체,노자|장자|공자|석가|부처|도덕경,2,false,니체 노자
tLxjOpchlFc,https://youtu.be/tLxjOpchlFc,"[인생지혜]🐢 나만의 속도로 살아도 괜찮아요 | 노자, 니체, 법정 스님이 말하는 느린 삶의 지혜 | 오후쉼표 인생지혜",오후쉼표,UCdvf2gayC7eaB1c_Fx-mmAA,2026-02-09,5,1,1,21:24,1284,니체,노자|장자,1,true,니체 노자
iNG_dOIDAjA,https://youtu.be/iNG_dOIDAjA,[노자에서 니체까지]자기 자신을 사랑한다는 것!,똑똑한 속삭임,UCxbnLJxvi6-6Lh7bv8Iw_oQ,2025-09-29,424,15,0,5:39,339,아리스토텔레스|니체,노자|장자|공자,2,true,니체 노자
4xC9k-2u8oA,https://youtu.be/4xC9k-2u8oA,아이를 키우는 건 결국 내가 어른이 되는 과정이다.  #인생조언 #인생명언 #자기계발 #동기부여 #인간관계 #쇼펜하우어 #철학 #데카르트 #좋은글 #석가모니 #니체 #노자 #맹자,철학 한 스푼,UCyyEvNWEcM9ZFMAxVRVANMg,2025-06-24,1679,28,0,0:53,53,데카르트|쇼펜하우어|니체,노자|맹자|석가,3,true,니체 노자
U1JB-eDLsvE,https://youtu.be/U1JB-eDLsvE,《니체 명언》 삶을 사랑하라｜다시 살기를 원하도록 만드는 힘,감정회복실(Mind Atelier),UCoHd98l0Bp7Rl2Y26SjEb1A,2025-10-05,365,3,3,0:16,16,쇼펜하우어|니체,노자|장자|공자,2,false,니체 노자
_Ek1YxTLuAM,https://youtu.be/_Ek1YxTLuAM,살다보니 소름돋게 다 맞는말입니다   모르면 바보되는 니체의 인생진리.. #쇼펜하우어 #니체 #석가모니 #맹자 #명언 #인생조언 #철학 #좋은글 #좋은말 #좋은글귀,인생지혜,UCuRxrJ2V2GgmCdesXv4eUTw,2025-05-11,428199,9708,117,1:00,60,쇼펜하우어|니체,맹자|석가,2,true,니체 노자
-m3X51sOc5g,https://youtu.be/-m3X51sOc5g,세기의 논쟁! 프리드리히 니체 VS 노자 좌담회 본편,보오북 - 보이는 오디오북,UCilJVLOhKfA9nWIjQ14aaKw,2026-08-10,7,2,0,5:58,358,니체,노자|도덕경|도가|무위자연,1,true,니체 노자
O86A8NAUV3w,https://youtu.be/O86A8NAUV3w,"인생명언 5선, 공자 니체 노자가 답한다",우리는,UC-dUtd-QI81hadsaJHauf0Q,2026-04-28,2625,63,0,1:04,64,세네카|마르쿠스 아우렐리우스|니체,노자|공자,2,true,니체 노자
PkdZfs3Ft9s,https://youtu.be/PkdZfs3Ft9s,니체가 불교를 싫어했던 진짜 이유,에피파니숲  | 과학·철학 산책,UCjTMvF2Gfi6BIsT9VEe1pNA,2026-03-12,21544,721,185,13:32,812,쇼펜하우어|니체,보살|불교,2,true,니체 불교|쇼펜하우어 불교
PCkUbkDUniY,https://youtu.be/PCkUbkDUniY,"니체와 불교 : 유럽의 붓다가 되고자 했던 니체, 그 이유는 무엇인가?",지혜의 빛 : 인문학의 숲,UCS_8v3yJnRahqwFvxoEIupg,2023-02-24,363680,8823,598,24:26,1466,니체,붓다|불교,1,true,니체 불교|장자 니체|실존주의 불교
OnbZdbg-ZAg,https://youtu.be/OnbZdbg-ZAg,불교를 싫어했던 니체,에피파니숲  | 과학·철학 산책,UCjTMvF2Gfi6BIsT9VEe1pNA,2026-03-13,96389,1259,72,1:00,60,쇼펜하우어|니체,보살|불교,2,true,니체 불교|쇼펜하우어 불교
elZeG7WCAmU,https://youtu.be/elZeG7WCAmU,니체철학과 불교의 흥미로운 유사점 | 불교는 허무주의인가?,에피파니숲  | 과학·철학 산책,UCjTMvF2Gfi6BIsT9VEe1pNA,2024-05-25,4831,176,13,12:36,756,니체,붓다|부처|불교,1,true,니체 불교
qmnDuML4pZs,https://youtu.be/qmnDuML4pZs,쇼펜하우어와 니체는 불교를 얼마나 이해했을까?(통합 버전),지혜의 빛 : 인문학의 숲,UCS_8v3yJnRahqwFvxoEIupg,2025-01-30,96219,2167,95,47:40,2860,쇼펜하우어|니체,붓다|불교,2,false,니체 불교|쇼펜하우어 불교|쇼펜하우어 우파니샤드
OWT9S7KaB0g,https://youtu.be/OWT9S7KaB0g,"쇼펜하우어, 하이데거, 헤겔, 니체 철학과 불교 사상의 공통점? 불교의 핵심경전 금강경의 철학적 접근 : 금강경(소: 한형조) 2부",일당백 : 일생동안 읽어야 할 백권의 책,UC0LGfuBiVmPZLo5pUW0bshA,2024-08-03,84707,2309,169,1:10:35,4235,플라톤|헤겔|쇼펜하우어|니체|하이데거,혜능|붓다|금강경|선불교|불교|윤회,5,true,니체 불교|쇼펜하우어 불교|하이데거 선불교
0wqglBrV3zI,https://youtu.be/0wqglBrV3zI,"목사의 아들 니체는 왜 유럽의 부처가 되었을까? [박찬국, 니체 철학과 불교]",불광미디어,UCY0c16JUbU4Um3IM9q0VowA,2025-12-21,992,29,2,13:29,809,니체,부처|불교,1,true,니체 불교
CmutHg8T_3c,https://youtu.be/CmutHg8T_3c,윤회 : 니체의 영원회귀와 니힐리즘 [이진경 교수의 불교를 철학하다 10편],인문학 브런치,UCke0s4-Iatj-PO5ZhDXW0ug,2022-06-24,12211,259,19,41:41,2501,니체,불교|윤회,1,true,니체 불교
3A1WA0hwQTA,https://youtu.be/3A1WA0hwQTA,니체가 신을 죽인 이유.,무진스님의 무궁무진,UCYj0Ob9WK9cLDuK7V9ZdaPg,2023-08-28,2536,63,5,0:33,33,니체,불교,1,false,니체 불교
7FGFs4PR4lQ,https://youtu.be/7FGFs4PR4lQ,니체 왜 불교를 버렸나? #니체,별 읽는 스님,UCmK8_1SOa_4tGWBIIjxGXjQ,2026-03-29,171,7,0,5:05,305,쇼펜하우어|니체,혜능|부처|주역|선불교|불교,2,true,니체 불교
2jmSDya6H8E,https://youtu.be/2jmSDya6H8E,윤회는 없다고 선포하는 것은 니체가 '신은 죽었다'고 선포하는 것과 상당히 흡사하다. 부처님 당시에 '육사외도'와도 상당히 흡사하다. #불교 #스님 #shorts,명상시티,UC22ZU6bO_g0XN5Z7fLr8TaA,2024-06-05,7085,226,15,0:39,39,니체,부처|불교|윤회,1,true,니체 불교
4jE0_A4OR8o,https://youtu.be/4jE0_A4OR8o,"박찬국, 니체는 왜 자신이 '유럽의 부처'라고 말했을까? 불교를 사랑했지만, 따르지 않았던 니체 이야기",불광미디어,UCY0c16JUbU4Um3IM9q0VowA,2024-07-17,6535,215,10,58:04,3484,니체,부처|불교,1,true,니체 불교
mLwEIeYhJL0,https://youtu.be/mLwEIeYhJL0,불교로 이해하는 현대철학 13 니체 철학과 불교   신은 죽었다,STUKA,UCPpFhQhaqZg1Ni7nnYqctxg,2019-01-25,4098,66,2,45:07,2707,니체,불교,1,true,니체 불교
R6MksEKguJ0,https://youtu.be/R6MksEKguJ0,"쇼펜하우어와 니체, 고통의 해석 #마음공부 #불교철학 #명언",잼공스토리,UCQrSiQCjGAXxWgKAwgVsIRw,2026-02-10,5625,260,10,3:00,180,쇼펜하우어|니체,불교,1,true,니체 불교|쇼펜하우어 불교
Bi81eS-3l6M,https://youtu.be/Bi81eS-3l6M,제16강 니체 철학과 불교   니체의 불교 평가,Xnd Yor2,UCnmHEh7h7NJDAAi0askOCgg,2023-08-25,416,10,0,45:46,2746,니체,불교,1,true,니체 불교
fakCDA_-8gE,https://youtu.be/fakCDA_-8gE,"불교철학 입문 : 붓다(buddha)의 세계관에 담겨 있는 진실(feat. 기억 속의 경전, 데카르트, 자크 라캉, 리즈 데이비스)",지혜의 빛 : 인문학의 숲,UCS_8v3yJnRahqwFvxoEIupg,2022-10-27,933494,22712,1418,33:56,2036,데카르트|라캉,붓다|불교,2,true,니체 불교|실존주의 불교
E143I8dYDro,https://youtu.be/E143I8dYDro,"봄꽃이 들려주는 무상 법문 | 조로아스터교, 니체와 불교 | 정각사 일요법회 (4월 12일)",정목스님의 유나방송,UCzWYpokwcpsQDHYKMFybpvQ,2026-04-24,66109,3666,127,45:57,2757,니체,부처|불교,1,true,니체 불교
5tRp0vuRX_4,https://youtu.be/5tRp0vuRX_4,"니체, 불교의 가르침을 ‘정신 건강법’이라 평가한 이유 [박찬국, 니체 철학과 불교] #shorts",불광미디어,UCY0c16JUbU4Um3IM9q0VowA,2026-01-07,3588,116,1,2:39,159,니체,부처|불교,1,true,니체 불교
IE5umMp2vH4,https://youtu.be/IE5umMp2vH4,니체와 부처에게 묻다. 영원히 똑같은 삶을 살아야 한다면?,에피파니숲  | 과학·철학 산책,UCjTMvF2Gfi6BIsT9VEe1pNA,2026-07-28,1137,45,9,10:46,646,니체,부처|불교|윤회,1,true,니체 불교
M9Y6ZXhRraA,https://youtu.be/M9Y6ZXhRraA,"니체의 미학, 건강한 삶을 찾는 철학 (feat. 박찬국 - '내 삶에 예술을 들일 때, 니체')",충코의 철학 Chungco,UCUV9bHklegmYbdt091TNvjA,2023-08-29,79370,1825,76,14:06,846,쇼펜하우어|니체,대학,1,false,니체 불교|장자 니체
Bm9IW0-wp0k,https://youtu.be/Bm9IW0-wp0k,불교로 이해하는 현대철학 14 니체 철학과 불교_불교적 무신론,STUKA,UCPpFhQhaqZg1Ni7nnYqctxg,2019-02-01,2806,56,4,45:20,2720,니체,불교,1,true,니체 불교
c1DPX9WV8kQ,https://youtu.be/c1DPX9WV8kQ,불교로 이해하는 현대철학 16 니체 철학과 불교   니체의 불교 평가,STUKA,UCPpFhQhaqZg1Ni7nnYqctxg,2019-02-15,4047,76,3,45:46,2746,니체,불교,1,true,니체 불교
wkmg5HVUWNI,https://youtu.be/wkmg5HVUWNI,불교로 이해하는 현대철학 15 니체 철학과 불교_니힐리즘과 영원회귀,STUKA,UCPpFhQhaqZg1Ni7nnYqctxg,2019-02-09,3793,81,5,43:30,2610,니체,불교,1,true,니체 불교
jJjlDr2NTiE,https://youtu.be/jJjlDr2NTiE,불교는 종교인가 철학인가? 니체와 함께 파헤쳐 봅니다,부처와 니체의 대화,UCuLKfgYa20QNwrfKW-FksKQ,2025-11-26,72,2,0,5:30,330,니체,부처|불교|공(空)|연기법,1,true,니체 불교
7TB1HCwttwo,https://youtu.be/7TB1HCwttwo,불교로 이해하는 현대철학 18 니체 철학과 불교   초인과 보살,STUKA,UCPpFhQhaqZg1Ni7nnYqctxg,2019-03-01,2095,42,6,44:26,2666,니체,보살|불교,1,true,니체 불교
6E8MB2IRzUU,https://youtu.be/6E8MB2IRzUU,복잡한 마음을 가지런히 정돈하는 부처님 말씀 [초역 붓다의 말] 붙잡지 마라. 모든것은 흘러간다. 살아가라 그뿐이다,책읽는 자작나무,UCPhvyjw3ZrfxjEv6d5xE-7Q,2025-01-05,1252985,19199,540,48:29,2909,니체,붓다|부처,1,false,니체 불교
ZqKrmkeVhbo,https://youtu.be/ZqKrmkeVhbo,《행복은 어떻게 오는가 – 파스칼·니체·불교가 말한 마음의 평온》 | 오디오북 | 철학 | 심리 | 인문학 | 치유,10분의 지혜,UCpbaPzlyixY7lE1n2nPnAqg,2025-12-08,563,33,6,12:23,743,니체,불교,1,true,니체 불교
8mo05AjIw9A,https://youtu.be/8mo05AjIw9A,불교로 이해하는 현대철학 17 니체 철학과 불교   초인과 포스트 모던,STUKA,UCPpFhQhaqZg1Ni7nnYqctxg,2019-02-23,2299,45,3,45:09,2709,니체,불교,1,true,니체 불교
tPE2GvjKA8o,https://youtu.be/tPE2GvjKA8o,우리는 칸트를 읽고 니체를 본다 [김류현 원장의 내 안에 흐르는 다르마] #김류현 #다르마 #부처님말씀,한국불교 대표방송 BTN,UCOozqNhXDcb6gg6oaU7uImA,2025-01-13,153,4,0,3:26,206,칸트|니체,부처|불교,2,true,니체 불교
uyPOEi2wufQ,https://youtu.be/uyPOEi2wufQ,지금 내가 지옥에있는이유#마음공부 #마음#철학명언 #니체#석가모니#쇼펜하우어 #동기부여 #인생지혜#천국보다아름다운 #천국과지옥,1분 지혜,UCJx4dyDkauEpQWw3REL7Flg,2025-05-26,1400,29,2,0:45,45,쇼펜하우어|니체,석가,1,true,니체 불교|쇼펜하우어 불교
PLpmKU4FwBQ,https://youtu.be/PLpmKU4FwBQ,니체는 동양철학에서 영원회기의 영감을 얻었는가?,똑똑한 속삭임,UCxbnLJxvi6-6Lh7bv8Iw_oQ,2025-04-15,526,20,4,6:58,418,니체,노자|장자|불교,1,false,니체 불교
gn2w3lIbit0,https://youtu.be/gn2w3lIbit0,"쇼펜하우어와 불교(feat. 칸트, 유식론, 아뢰야식, 공각기동대)",지혜의 빛 : 인문학의 숲,UCS_8v3yJnRahqwFvxoEIupg,2022-11-05,101410,3164,150,23:20,1400,칸트|쇼펜하우어,우파니샤드|불교,2,true,쇼펜하우어 불교|하이데거 선불교|비트겐슈타인 선불교
ftBOD0WqVWo,https://youtu.be/ftBOD0WqVWo,쇼펜하우어가 불교를 최고의 종교라고 한 이유,무상의시선,UCpHOBxa3REyNAk-ZdAUbXFQ,2025-05-29,748,6,0,1:00,60,쇼펜하우어|니체,석가|부처|불교|윤회,2,true,쇼펜하우어 불교
KDoOhpf47Qc,https://youtu.be/KDoOhpf47Qc,"인생은 고통, 원인은 욕망! 쇼펜하우어와 원효대사의 해법은? | 박찬국(서울대 철학과 교수) | 화요열린강좌 '원효와 쇼펜하우어' | 권태 반복 천국 염세주의 이성 논리 철학 불교",헬로붓다TV,UCOMqXHCH0ickIRiwf2zJK7g,2024-07-09,4352,123,4,1:02:31,3751,쇼펜하우어,원효|붓다|부처|우파니샤드|불교,1,true,쇼펜하우어 불교
qhKTbOBAtaE,https://youtu.be/qhKTbOBAtaE,역사상 가장 지능이 높았던 철학자 쇼펜하우어의 인생 여정 #쇼펜하우어 #니체 #석가모니 #맹자 #명언 #인생조언 #철학 #좋은글 #좋은말 #좋은글귀,삶과 쉼터,UC1EJrCZ6yiyLdwAo6VQ38mg,2025-12-01,348901,9447,596,1:18:18,4698,쇼펜하우어|니체,맹자|석가|부처|불교,2,true,쇼펜하우어 불교|쇼펜하우어 우파니샤드
oaekZHujW8o,https://youtu.be/oaekZHujW8o,"욕망의 철학자 쇼펜하우어, 원효에게 찾은 구원의 길? 1부 | 박찬국 서울대학교 철학과 교수 | 화요열린강좌",헬로붓다TV,UCOMqXHCH0ickIRiwf2zJK7g,2025-07-08,825,33,4,36:41,2201,쇼펜하우어,원효|붓다|부처|대학|우파니샤드|불교,1,true,쇼펜하우어 불교
-wXEKXT85kQ,https://youtu.be/-wXEKXT85kQ,불교의 최고 경지로서의 열반 : 이것은 왜 단멸이 아닌가?(feat. 쇼펜하우어가 오해한 비관주의 불교),지혜의 빛 : 인문학의 숲,UCS_8v3yJnRahqwFvxoEIupg,2025-08-26,46121,1688,233,19:52,1192,쇼펜하우어,붓다|불교,1,true,쇼펜하우어 불교
NFntz5zQQXk,https://youtu.be/NFntz5zQQXk,서양철학|쇼펜하우어가 부처님의 제자? 삶은 고통이다|불교|욕망|철학|인생 #50대 #60대 #70대 #좋은글 #지혜 #명언 #자기계발 #쇼펜하우어 #불교 #부처님말씀,1분 마음,UCY5a61n3Gu5lhnMV_MnoqYw,2025-06-03,424,3,0,0:47,47,쇼펜하우어,석가|부처|불교,1,true,쇼펜하우어 불교
1Y_Q-Ikk-KA,https://youtu.be/1Y_Q-Ikk-KA,쇼펜하우어와 불교 / 성욕을 너머,예도TV,UC0UCWr9ZRr-EX0KS_3P_IWg,2022-11-05,2914,173,15,41:14,2474,쇼펜하우어,불교,1,true,쇼펜하우어 불교
oS3ajrthl_I,https://youtu.be/oS3ajrthl_I,생각 많고 예민한 사람들도 마음 편히 살 수 있는 방법 I 불안한 마음을 가라앉히는 방법 I 자면서 듣는 부처님 명언 4시간 I 인간관계 I 오디오북 I 삶의 지혜,명언과 위로,UCbqQG1tJvXVz1hUIluQXOpw,2025-02-24,1192616,14784,385,3:58:56,14336,쇼펜하우어,노자|장자|맹자|석가|부처|불교,1,false,쇼펜하우어 불교
fbAJCL6c9nQ,https://youtu.be/fbAJCL6c9nQ,쇼펜하우어의 일침,지식의 취향,UCKaEKEiswhc9gYL-cwrC49w,2022-06-09,36538,1165,36,2:56,176,쇼펜하우어,부처,1,false,쇼펜하우어 불교
ARHxDs9dpe0,https://youtu.be/ARHxDs9dpe0,"욕망의 철학자 쇼펜하우어, 원효에게 찾은 구원의 길? 2부 | 박찬국 서울대학교 철학과 교수 | 화요열린강좌",헬로붓다TV,UCOMqXHCH0ickIRiwf2zJK7g,2025-07-15,393,20,3,25:55,1555,쇼펜하우어,원효|붓다|부처|대학|우파니샤드|불교,1,true,쇼펜하우어 불교
jWiQ_KyY_c0,https://youtu.be/jWiQ_KyY_c0,쇼펜하우어와 불교ㅡ안삼환1,원통,UCFNM_IVuH0YpcNlXrFm1NXg,2022-06-19,43,2,0,33:23,2003,쇼펜하우어,불교,1,true,쇼펜하우어 불교
vPPEEkv7YIE,https://youtu.be/vPPEEkv7YIE,인생에서 '성욕'을 다스리지 못할 때 나타나는 끔찍한 것들 ㅣ Ep. 책과사람 74 (정성민 교수),책과삶,UCgUaqrLRGLL-dHislR1e2TA,2026-04-15,343236,6230,454,28:32,1712,쇼펜하우어,붓다|불교,1,false,쇼펜하우어 불교
EuPvtRP6C7s,https://youtu.be/EuPvtRP6C7s,걱정이 너무 많은 당신에게: 인생을 가볍게 사는 쇼펜하우어의 인생수업 ㅣ 불교 지혜 ㅣ인생명언 ㅣ 철학 ㅣ 오디오북 ㅣ힐링,삶의 등대,UCcisioyqEsjxGWbjGYX5SoQ,2025-07-31,301,4,2,19:47,1187,쇼펜하우어,불교,1,true,쇼펜하우어 불교
nmP0fcgfuik,https://youtu.be/nmP0fcgfuik,쇼펜하우어와 부처님이 전하는 인생 후반전의 지혜,친절한 철학도감,UCMfW7z_q3pXPFZIUi0BVhqQ,2025-05-03,61,3,1,20:26,1226,쇼펜하우어,부처|불교,1,true,쇼펜하우어 불교
0iNcsnx-Gx4,https://youtu.be/0iNcsnx-Gx4,쇼펜아우어의 인생여정 #쇼펜하우어 #니체 #헤겔 #인생역전 #명언 #철학 #좋은글 #인생조언 #불교,쇼펜하우어 인생수업,UCDf55ecwEavMLxS4cclACmQ,2025-12-27,317,19,2,47:01,2821,플라톤|칸트|헤겔|쇼펜하우어|니체|프로이트|융|하이데거|비트겐슈타인|실존주의,붓다|석가|대학|우파니샤드|불교,5,true,쇼펜하우어 불교|쇼펜하우어 우파니샤드
ehKHwEUv_2I,https://youtu.be/ehKHwEUv_2I,마음의 평온을 찾는 법| 불교와 쇼펜하우어의 지혜,하루의 지혜 by foubi | Daily Calm Quotes by Foubi ,UCjNnqLyPHfOqE1NXIfs9NxQ,2025-11-21,15,1,0,5:05,305,쇼펜하우어,법구경|불교,1,true,쇼펜하우어 불교
BX5rUdmzGKc,https://youtu.be/BX5rUdmzGKc,"같은 고통, 다른 길｜쇼펜하우어 vs 부처",인생철학론,UClFGiSYOPeuLl6ujHGysvnA,2026-02-23,25,1,0,13:56,836,쇼펜하우어,부처|불교,1,true,쇼펜하우어 불교
SVw_lfFKgno,https://youtu.be/SVw_lfFKgno,"""세상은 하나의 거대한 무대다. 눈에 보이는 건 겉모습뿐, 연극이 끝나면 화려한 무대는 철거되고 텅 빈 창고만 남을 것이다."" #보만스님 #불교심리학 #쇼펜하우어",BBS 불교방송,UC3d8VqSnGnMofo35EM_fIVQ,2024-10-28,2720,266,7,0:58,58,쇼펜하우어,불교,1,true,쇼펜하우어 불교
rltjwyM2hOw,https://youtu.be/rltjwyM2hOw,현재를 잃고 미래만 기다리는 사람들｜쇼펜하우어와 불교의 통찰 #인생조언 #쇼펜하우어 #불교명언,자재공덕사,UClSyF6QgI4AdOt_D86Uv--A,2026-05-11,473,22,9,6:09,369,쇼펜하우어,부처|참선|불교,1,true,쇼펜하우어 불교
dZ1Bz7U5Joc,https://youtu.be/dZ1Bz7U5Joc,누군가와 술 한 잔하며 삶을 채우고 싶을 때 /명언 / 좋은글 / 깨달음의글 #석가모니 #석가모니지혜,거인들의시선,UC12cm99TCMwx-DQx9yh_LjQ,2025-06-11,1561,25,0,1:09,69,쇼펜하우어|니체,석가,1,false,쇼펜하우어 불교
xQA4HuTEt7Q,https://youtu.be/xQA4HuTEt7Q,서양 염세주의 철학자 쇼펜하우어가 만난 동양의 해탈,내 안의 붓다,UCG-9Q6dudIfEdNtWqHmbp3Q,2026-07-31,69,3,1,14:12,852,쇼펜하우어,붓다|우파니샤드|불교,1,false,쇼펜하우어 불교
UVg2GPB5wWg,https://youtu.be/UVg2GPB5wWg,한 번의 선택으로 인생이 바뀌는 이유/명언 / 좋은글 / 깨달음의글 #석가모니 #석가모니지혜 #부처님말씀,거인들의시선,UC12cm99TCMwx-DQx9yh_LjQ,2025-08-11,1005,26,1,0:42,42,쇼펜하우어|니체,석가|부처,2,false,쇼펜하우어 불교
H4_ySDZYp3s,https://youtu.be/H4_ySDZYp3s,고통은 인생의 일부다 쇼펜하우어 l 인생명언 l 마음치유 l 불교 l 철학 l 명상  #긍정적마인드 #긍정의말 #명언 #자기수행  #오디오북 #쇼펜하우어,하루명언,UCW5h1wHPqcLhJm6Gc5OHw8g,2025-07-17,1477,18,0,0:57,57,쇼펜하우어,공자|석가|불교,1,true,쇼펜하우어 불교
K65WXX8J2m4,https://youtu.be/K65WXX8J2m4,"""행복""이란 단어를 지우면 행복해집니다 | 부처님과 쇼펜하우어가 알려주는 진짜행복을 찾는 9가지 방법",TurnYourLife With Buddha,UCLhn9bNjUBG6TBZtkOMcECA,2025-12-17,33,4,0,53:23,3203,쇼펜하우어,부처|불교,1,true,쇼펜하우어 불교
Vv3AB9U22ck,https://youtu.be/Vv3AB9U22ck,하는 일이 잘 안되서 좌절할 때/명언 / 좋은글 / 깨달음의글 #석가모니 #석가모니지혜 #부처님말씀,거인들의시선,UC12cm99TCMwx-DQx9yh_LjQ,2025-07-22,8175,130,3,0:46,46,쇼펜하우어|니체,석가|부처,2,false,쇼펜하우어 불교
x0b6Jwdf1CY,https://youtu.be/x0b6Jwdf1CY,쇼펜하우어 행복에 대한 조언  |  석가모니 | 명언  | 법륜스님 | 인생조언 |  인간관계 | 지혜 |  철학 | 불교 |  오디오북 |  좋은글|  즉문즉설,인생의비밀,UCWxs8mQWSNcDl8LsMxwlIMw,2024-06-02,16,0,0,21:13,1273,쇼펜하우어,석가|불교,1,true,쇼펜하우어 불교
dIObpPDcmd8,https://youtu.be/dIObpPDcmd8,부처님말씀|쇼펜하우어와 부처님의 인연|불교사상교리|마음수행|명상음성|연화경전|자비|마음치유|불교이야기|깨달음|석가모니|오디오북|철학|삶의지혜|힐링명상|,연화경전,UCVDe7zyiFhAU8Bzqeo0xyKA,2025-12-17,45,5,0,4:35,275,쇼펜하우어,석가|부처|반야심경|금강경|참선|불교|연기법,1,true,쇼펜하우어 불교
wjeVc6sfo_A,https://youtu.be/wjeVc6sfo_A,삶은 고통이다 쇼펜하우어 #철학 #오디오북 #인생이야기 #스토리텔링 #명언 #철학자 #세계문학,책방 민준씨,UCL2NPsfB-mrubFFy1EgWIhg,2026-03-21,14852,465,15,49:44,2984,플라톤|로크|흄|칸트|헤겔|쇼펜하우어,대학|우파니샤드,2,false,쇼펜하우어 우파니샤드
RplvG6tZIaA,https://youtu.be/RplvG6tZIaA,철학적 반전  쇼펜하우어와 우파니샤드,역시나(천명지위성-장자의 대자유),UCZEFzFVAjJZkIFiahU8q6xA,2026-07-27,20,0,0,3:28,208,쇼펜하우어,도덕경|우파니샤드,1,true,쇼펜하우어 우파니샤드
t4z_b16fFAg,https://youtu.be/t4z_b16fFAg,쇼펜하우어와 해석학 / 우파니샤드,예도TV,UC0UCWr9ZRr-EX0KS_3P_IWg,2022-11-11,2173,139,13,45:36,2736,쇼펜하우어,우파니샤드,1,true,쇼펜하우어 우파니샤드
1-lOaMZ8T58,https://youtu.be/1-lOaMZ8T58,[인도철학요가] 쇼펜하우어가 극찬한 우파니샤드(upanisad) l 인류정신의 만든 최고의 경전,베리굿지식1004,UC7jQ1n-EwG09QgedcaMIOkw,2023-10-01,6900,187,60,7:43,463,쇼펜하우어,우파니샤드|요가|불교,1,true,쇼펜하우어 우파니샤드
FLK-pBNYdSE,https://youtu.be/FLK-pBNYdSE,쇼펜하우어 - 인간의 삶이 고통인 이유(feat. 의지와 표상으로서의 세계),지혜의 빛 : 인문학의 숲,UCS_8v3yJnRahqwFvxoEIupg,2022-04-10,749039,13042,581,29:18,1758,플라톤|칸트|헤겔|쇼펜하우어,우파니샤드|불교,2,false,쇼펜하우어 우파니샤드
Gl4bqMvFW-k,https://youtu.be/Gl4bqMvFW-k,정신과 의사도 인정한 쇼펜하우어의 역대급 인생철학 #shorts #인간관계 #철학 #니체 #쇼펜하우어 #행복 #지혜 #맹자 #좋은글귀,지혜의 바다,UC7XeH82zOw7e6zCnOdHEJ6w,2025-09-16,110754,2870,56,0:46,46,쇼펜하우어|니체,맹자,1,true,쇼펜하우어 우파니샤드
aAUQX8RPhZE,https://youtu.be/aAUQX8RPhZE,타인은 지옥이다 나 자신부터 아끼고 사랑하라 | 쇼펜하우어철학 | 쇼펜하우어인생론 | 506070노후인문학,거인의 속삭임,UCD0E-zH1e1lNmGIv-V11s0g,2026-04-02,9575,321,9,1:46:05,6365,쇼펜하우어|니체,정약용,1,false,쇼펜하우어 우파니샤드
9rbjdJTw1jI,https://youtu.be/9rbjdJTw1jI,"[홍익학당] 쇼펜하우어, 의지와 표상으로서의 세계(170719)_A508",홍익학당,UCI8HW08rOSlvweOjJ9Gp2Ng,2017-07-26,127758,2364,111,1:04:30,3870,소크라테스|쇼펜하우어,공자|맹자|석가|부처|참선|불교|유교,2,false,쇼펜하우어 우파니샤드
PPy-kbsxLSk,https://youtu.be/PPy-kbsxLSk,행복을 쫓는 사람은 행복해질 수 없다 | 쇼펜하우어 행복론 | 아리스토텔레스 행복론,거인의 속삭임,UCD0E-zH1e1lNmGIv-V11s0g,2026-08-07,23935,601,29,48:23,2903,아리스토텔레스|쇼펜하우어|니체,정약용,1,false,쇼펜하우어 우파니샤드
BCdX1HfjrLY,https://youtu.be/BCdX1HfjrLY,[쇼펜하우어를 빼고 인생을 논하지 마라] 마흔에 읽는 쇼펜하우어│책읽어주는여자 오디오북 podcasts,책읽기좋은날,UC17lvWECf2AWRbqKuCcf4VQ,2023-10-12,371191,7010,68,43:30,2610,플라톤|아리스토텔레스|칸트|쇼펜하우어|니체,용수,1,false,쇼펜하우어 우파니샤드
4RFHHsTj7KE,https://youtu.be/4RFHHsTj7KE,살면서 들었던 명언 중에 이게 가장 최고다 쇼펜하우어의 연극 이론 #쇼펜하우어 #니체 #석가모니 #맹자 #명언 #인생조언 #좋은글귀 #좋은글 #좋은말 #철학 #shorts,철학노트,UCIrooYAt7U6X2MgBaM9m9Rw,2025-08-21,40973,961,16,1:00,60,쇼펜하우어|니체,맹자|석가,2,true,쇼펜하우어 우파니샤드
JKHtFUAOi0E,https://youtu.be/JKHtFUAOi0E,상처 준 사람에게 이렇게 대해라 #shorts #인간관계 #철학 #니체 #쇼펜하우어 #행복 #지혜 #맹자 #좋은글귀,1분통찰,UCrrpVu_AcUU5zZMiqcURRiQ,2026-08-21,105370,3314,43,1:01,61,쇼펜하우어|니체,맹자,1,true,쇼펜하우어 우파니샤드
GaS-5XBVsmU,https://youtu.be/GaS-5XBVsmU,하이데거(Heidegger)의 숨겨진 출처 : 노자(老子)의 철학과 아시아적 사유,지혜의 빛 : 인문학의 숲,UCS_8v3yJnRahqwFvxoEIupg,2023-03-23,71669,1668,87,23:10,1390,하이데거,노자,1,true,하이데거 노자|들뢰즈 노자
qxHvg6y9sZM,https://youtu.be/qxHvg6y9sZM,"서양과 동양의 철학, 왜 서로 다른가? - 인식론과 존재론의 차이(feat. Chat GPT, 헤겔, 공자, 노자, 하이데거, 풍우란)",지혜의 빛 : 인문학의 숲,UCS_8v3yJnRahqwFvxoEIupg,2023-03-09,440124,10233,853,19:28,1168,헤겔|하이데거,노자|공자,2,true,하이데거 노자|헤겔 동양철학|서양철학 동양철학 비교|동서양 철학 비교
pEQnaQqAB2M,https://youtu.be/pEQnaQqAB2M,하이데거는 과연 나치의 부역자였나?(feat. 한나 아렌트),지혜의 빛 : 인문학의 숲,UCS_8v3yJnRahqwFvxoEIupg,2025-03-18,19892,720,125,10:24,624,하이데거|아렌트|한나 아렌트,대학,1,false,하이데거 노자
YFhXe0UuF7g,https://youtu.be/YFhXe0UuF7g,탈근대주체이론(4)이승훈 노자와 하이데거. 2022.8/5 금요일 7시. 실시간 방송,문학TV - Silk road,UCuiKHQbyfCr3UUzGPi-G3rw,2022-08-05,650,31,1,1:15:59,4559,하이데거,노자,1,true,하이데거 노자
mxqnVEu73tU,https://youtu.be/mxqnVEu73tU,"하이데거와 불교 : 무(無, 없음)에 대한 서로 다른 사유",지혜의 빛 : 인문학의 숲,UCS_8v3yJnRahqwFvxoEIupg,2026-05-03,26517,989,122,24:30,1470,베르그송|하이데거,불교,1,false,하이데거 노자
q7_z7top4Es,https://youtu.be/q7_z7top4Es,"9-3. 소크라테스, 노자, 베르그공, 하이데거, 칼릴지브란의 말",청소년을 위한 고전인문철학수업,UCcrLqCbdbi3O6dTzcrVdiQQ,2022-02-01,28,0,0,22:52,1372,소크라테스|하이데거,노자,1,true,하이데거 노자
XIA4t8r3awk,https://youtu.be/XIA4t8r3awk,[8대 고전읽기] 노자 (김원중 교수),재단법인 지관,UCMFtInytGPb98UUCjJHdsQw,2016-01-14,426047,4186,127,42:00,2520,플라톤,노자|도가,1,false,하이데거 노자
WIawxqpoWXk,https://youtu.be/WIawxqpoWXk,지나치게 빠른 세상 속에서 진짜 나를 찾는 법﻿#심리학 #철학 #위로 #명상 #하이데거 #노자 #쇼펜하우어,철학하는 심리학,UCMJdy0orG8S8-0muI2tlrnQ,2025-10-08,583,8,0,0:46,46,쇼펜하우어|하이데거,노자,1,true,하이데거 노자
AoGUJqvIVps,https://youtu.be/AoGUJqvIVps,"[#어쩌다어른] (1시간) 철학을 통해 삶의 의미를 알아보자👀 공자, 노자부터 플라톤의 이데아론까지! 다양한 사상가 이야기 1시간 모음",디글 :Diggle,UCWYzc_p0GgfCepIWDHGFmEg,2024-06-16,1334662,13803,293,1:01:02,3662,소크라테스|플라톤|데카르트,노자|공자|맹자|논어,3,true,하이데거 노자|스토아 노자|아리스토텔레스 공자
4UTMvwi2_1c,https://youtu.be/4UTMvwi2_1c,동양사상에 관심을 가졌던 마르틴 하이데거,성천아카데미,UC-GI06B86dgEdlDeM7a_ycg,2023-09-17,590,9,1,0:56,56,하이데거,도덕경|대학,1,false,하이데거 노자
ppj8wtrf4nc,https://youtu.be/ppj8wtrf4nc,[백낙청 공부길 020] 노자 ‘도법자연’과 하이데거 ‘기술철학’이 집약된 개벽사상 [근대의 이중과제와 한반도식 나라만들기]  마지막회 이보현 3편,백낙청TV,UC_IV-JURiQzt4APTfhWEp5w,2022-08-25,2253,276,3,21:26,1286,하이데거,노자|논어,1,true,하이데거 노자
Rt4KPb1PGUA,https://youtu.be/Rt4KPb1PGUA,카오스에서 기까지 공간 개념,엉클디,UCI3SEkgF-1Y0T-Lq6CbUCaw,2025-03-23,111,4,0,7:22,442,아리스토텔레스|칸트|하이데거,노자,1,false,하이데거 노자
nEnfseh1qC8,https://youtu.be/nEnfseh1qC8,"[한국 사상의 뿌리를 찾아서] 30화 하루가 일생이다, 예수의 시간을 살다",다석 류영모의 생각교실,UC7ebvIGffNqWLH8Tl_UBnPA,2021-07-14,421,14,0,19:08,1148,니체|하이데거,노자|공자,2,false,하이데거 노자
FtD8gTmVMlQ,https://youtu.be/FtD8gTmVMlQ,제26강 하이데거 철학과 불교,Xnd Yor2,UCnmHEh7h7NJDAAi0askOCgg,2023-10-28,446,6,0,45:13,2713,하이데거,불교,1,true,하이데거 선불교
ZooP9X_1zmo,https://youtu.be/ZooP9X_1zmo,제27강 하이데거 철학과 불교   진여眞如,Xnd Yor2,UCnmHEh7h7NJDAAi0askOCgg,2023-08-25,437,11,1,45:34,2734,하이데거,불교,1,true,하이데거 선불교
z6ExXe0pqzw,https://youtu.be/z6ExXe0pqzw,불교로 이해하는 현대철학 23 하이데거 철학과 불교   자성,STUKA,UCPpFhQhaqZg1Ni7nnYqctxg,2019-04-06,2669,61,2,47:42,2862,하이데거,불교,1,true,하이데거 선불교
oaPJiTwQeuE,https://youtu.be/oaPJiTwQeuE,하이데거와 불교 / 존재와 연기론,예도TV,UC0UCWr9ZRr-EX0KS_3P_IWg,2020-11-30,5557,310,31,48:52,2932,하이데거,불교,1,true,하이데거 선불교
s7z-O7oSwjc,https://youtu.be/s7z-O7oSwjc,한병철 『선불교의 철학』: 서양 철학을 깨우는 동양의 한 방,불철미,UCJrFpvK3bqlVqxvl_0AunTA,2025-10-28,820,20,2,18:55,1135,플라톤|하이데거,선불교|불교|공(空),2,false,하이데거 선불교
qNBEBx2ay2k,https://youtu.be/qNBEBx2ay2k,선불교를 철학하다,아트앤스터디,UCpmAiWIGtd6dgOzKHnuHS4Q,2023-03-22,4818,102,0,39:18,2358,비트겐슈타인,선불교|불교,1,false,하이데거 선불교|비트겐슈타인 선불교
k9fv2VBlTqI,https://youtu.be/k9fv2VBlTqI,진리탐구 1화 – 사유를 넘어서 : 철학·선·양자물리가 만나는 깨달음의 여정  #진리탐구 #사유를넘어서 #철학 #선불교 #양자물리 #깨달음 #명상 #현존 #의식  #존재 #진리," 진리탐구,사유를 넘어서",UCCnqRkK8S3dzyu_9jMzOo0g,2025-11-08,5681,294,14,19:49,1189,데카르트|칸트|하이데거,선불교|불교|공(空),3,false,하이데거 선불교
V5kjbyimcts,https://youtu.be/V5kjbyimcts,#7. 하이데거와 화엄의 사유/김형효. 자성. 무자성. 2025.11.7. 금요일 3시 실시간 방송,문학TV - Silk road,UCuiKHQbyfCr3UUzGPi-G3rw,2025-11-11,420,17,2,1:29:19,5359,하이데거,불교,1,false,하이데거 선불교
miolNnn-Q4c,https://youtu.be/miolNnn-Q4c,[즉문즉답9] 현상학과 불교 / #후설 #하이데거 #서양철학 #객관주의 #이원론 #이중표 #백남준,붓다나라TV,UCr6dgnzDkuTaKjUpAKOUylQ,2021-09-23,782,40,0,8:24,504,하이데거,붓다|불교,1,true,하이데거 선불교|비트겐슈타인 선불교
j9sLc73mC5U,https://youtu.be/j9sLc73mC5U,[01월 신간도서] [인문] 나를 채우는 일상 철학 / 저자 : 알랭 드 보통 / 번역 : 정은주 / 출판사 : 오렌지디,BOOK BOOK BOOK,UCSAf9vIw93Fj4azDSaXJOQg,2024-01-14,116,0,0,0:10,10,소크라테스|플라톤|아리스토텔레스|세네카|아우구스티누스|스피노자|칸트|헤겔|키르케고르|니체|하이데거|사르트르|카뮈,노자|공자|부처|요가|선불교|불교|유교|도교,8,false,하이데거 선불교
ocIJI1qGy6o,https://youtu.be/ocIJI1qGy6o,사탄에게무릎꿇은하이데거 2,정태홍tv,UCtO1wdZFBqyJ17G6L5GcX1g,2020-06-10,1447,131,0,16:57,1017,융|하이데거|실존주의,대학,1,false,하이데거 선불교
U5GmPLvRy8Q,https://youtu.be/U5GmPLvRy8Q,"제 1부  교토학파 개론  선불교와 서양 철학의 비교 | D T  스즈키, 니시다 기따로, 마사오 아베",종교와 철학의 대화,UCUvfQTks6yJkLfWxHYdvMDA,2026-04-07,58,1,3,19:54,1194,융|하이데거,대학|선불교|불교|공(空),2,false,하이데거 선불교
zE712Gq5gWI,https://youtu.be/zE712Gq5gWI,지관서가 2025년 1월 인문특강  철학자 니체의 새로운 신성한 행복론  part1,인생을 止觀_하다. 止觀書架,UCnRoFxsc-Hffh0P2MBDXLYw,2025-02-10,436,17,0,26:53,1613,니체|하이데거,대학|요가|선불교|불교,2,false,하이데거 선불교
sIzGNWcH79Y,https://youtu.be/sIzGNWcH79Y,지관서가 2025년 1월 인문특강  철학자 니체의 새로운 신성한 행복론  part2,인생을 止觀_하다. 止觀書架,UCnRoFxsc-Hffh0P2MBDXLYw,2025-02-17,289,10,0,40:20,2420,니체|하이데거,대학|요가|선불교|불교,2,false,하이데거 선불교
wAffTp-sa18,https://youtu.be/wAffTp-sa18,"마이스터 에크하르트 7부 시리즈 7부 | ""700년이 지났는데 왜 아직도 에크하르트인가 |현대 철학·심리학·동양사상이 에크하르트를 읽는 이유 | 현대와의 대화",사유의 숲,UCgsvwTmR3I3wO1Mqio8x1RQ,2026-04-11,5291,0,60,14:01,841,헤겔|융|하이데거,선불교|불교|도교,3,false,하이데거 선불교
au5rwIrePrI,https://youtu.be/au5rwIrePrI,"""700년이 지났는데 왜 아직도 에크하르트인가 — 현대 철학·심리학·동양사상이 에크하르트를 읽는 이유 |  에크하르트 7부 #shorts",사유의 숲,UCgsvwTmR3I3wO1Mqio8x1RQ,2026-04-11,6568,0,4,0:37,37,헤겔|융|하이데거,선불교|불교,2,false,하이데거 선불교
w-OCM2fyY1A,https://youtu.be/w-OCM2fyY1A,'지금 여기' 에 대한 고찰,바로보는 불교,UCiv3rn7pmX2OZE_ZKWtnM4Q,2026-07-09,253,9,3,1:47:31,6451,하이데거|실존주의,부처|대학|선불교|불교|윤회,2,false,하이데거 선불교
BDg-A7umZTI,https://youtu.be/BDg-A7umZTI,절간소녀와 빔(空)의 철학 21 부록: 공 철학의 학자들과 주요 이론,일일신선 : 오디오로 듣는 선현의 지혜,UCyR1JSbhN9U4YiRWTjdCX5Q,2025-08-31,29,0,0,8:06,486,융|하이데거,노자|장자|원효|지눌|혜능|석가|부처|용수|나가르주나|도덕경|선불교|불교|도가|무위자연|공(空)|연기법,2,false,하이데거 선불교
TLVV8QlhJ1U,https://youtu.be/TLVV8QlhJ1U,프리드리히 니체의 유대-기독교에 대한 가치전복(문화전쟁) vs 르네 지라르의 변호(페터 슬로터다이크의 지라르 저서 후기). 슬로터다이크의 요가 수행. 영국 상인 vs 독일 전사,21세기 인문학(정일권 박사 TV),UCKdfkge53kSfkT2jSi1Hzeg,2023-05-23,82,2,0,13:45,825,니체|하이데거|데리다,붓다|요가|선불교|불교,3,true,하이데거 선불교
TcJ_RJJm1nc,https://youtu.be/TcJ_RJJm1nc,"""생각을 멈추는 순간, 삶이 보인다"" | 선(禪)으로 동서양을 잇는 다리가 된 남자 | 스즈키 다이세츠",사유의 숲,UCgsvwTmR3I3wO1Mqio8x1RQ,2026-05-15,1346,0,16,16:49,1009,융|하이데거,대학|선불교|화두|불교,2,false,하이데거 선불교
9FwrsMVu1lo,https://youtu.be/9FwrsMVu1lo,들뢰즈의 철학과 불교 - 김종욱 교수 [BTN과 조계종 교육원이 함께하는 인문학콘서트 6부],인문학 브런치,UCke0s4-Iatj-PO5ZhDXW0ug,2022-07-21,9215,199,9,42:05,2525,들뢰즈,불교,1,true,하이데거 선불교
cBmdyMPGrjM,https://youtu.be/cBmdyMPGrjM,종교철학산책 12 선(禪)은 철학이 될 수 있는가? - 아베 마사오의 출발점,뜨르TV,UCh5uwDiIHSBqgHEkU8q4VAw,2026-05-31,30,1,1,4:46,286,소크라테스|데카르트|하이데거,선불교|불교,2,false,하이데거 선불교
nrmBTwPzshw,https://youtu.be/nrmBTwPzshw,"혼자 있는 시간이 유독 두렵고 외롭게 느껴질 때/ 혼자인 시간이 두렵게 느껴지는 분들, 이 영상 보세요 / 외로움이 아니라 두려움입니다, 정체가 따로 있어요 / 마음심리",달빛마음곳간,UCpKCmkR0NyI09e69IU7vKXg,2026-06-17,25,0,0,23:52,1432,하이데거,선불교|불교,1,false,하이데거 선불교
u7kN5k6owa0,https://youtu.be/u7kN5k6owa0,[BTN뉴스]현대사회에서 불교의 지향점?,한국불교 대표방송 BTN,UCOozqNhXDcb6gg6oaU7uImA,2016-05-20,62,0,0,1:15,75,융,부처|대학|불교,1,false,하이데거 선불교
ZwYeE7y-ijM,https://youtu.be/ZwYeE7y-ijM,숲 자체를 없애라.,이예찬 Yechan Lee,UC2kYymNerM2SjwY-nSA1OiQ,2025-05-26,13,0,0,4:37,277,니체|융|하이데거,달마|선불교|불교,3,false,하이데거 선불교
Y7OM8xwmpNY,https://youtu.be/Y7OM8xwmpNY,"정년 후 40년, 관점을 바꿔야 인생이 바뀐다. 원주 성불원 창립기념 초청법문",자현스님의 쏘댕기기,UCKBRsCWLEK0nsedY7Z-_cTg,2025-04-11,45995,2034,70,1:10:00,4200,하이데거,불교,1,false,하이데거 선불교
vr0ZfaVWG0s,https://youtu.be/vr0ZfaVWG0s,불안과 걱정에서 자유로워지는 길 | 부처님과 스토아 철학 | 부처님말씀 | 부처님명언 | 스토아철학,지혜의 붓다 MANTRA WAVY,UCZpp8uVX_v_lDj4gW-qOJag,2025-02-12,422,12,3,7:34,454,스토아,부처|불교,1,true,스토아 불교
kCUSM7nyNQQ,https://youtu.be/kCUSM7nyNQQ,진짜 강한 사람은 이렇게 다릅니다 | 스토아 철학 명언 l 인생명언 l 마음치유 l 불교 l 철학 l 명상,하루명언,UCW5h1wHPqcLhJm6Gc5OHw8g,2025-07-05,1786,18,1,1:12,72,스토아,공자|석가|불교,1,true,스토아 불교
NRL-TKQARuw,https://youtu.be/NRL-TKQARuw,아모르 파티. 운명을 사랑하라 (불교·스토아가 답합니다) | 붙잡지 않는 삶 | 에크하르트 톨레 | 마이클 싱어 | 신나이 | 바이런 케이티,우주와 하나,UCu1aMq1A91MwDtV8ebQcNkA,2026-03-02,27,4,0,6:28,388,스토아,불교,1,true,스토아 불교
omQLTmv5ZFs,https://youtu.be/omQLTmv5ZFs,불교와 스토아 철학이 말하는 집착을 끊는 5가지 방법,반딧불의 철학,UCOUJRJfsON8x4Xe3K7DDf3Q,2025-08-15,308,1,0,1:31,91,스토아,불교,1,true,스토아 불교
IY8o8Btt3j8,https://youtu.be/IY8o8Btt3j8,[인생 명언] 변화를 받아들이는 8가지 철학적 지혜 | 불교/스토아/도가 사상 | 마음 다스리기 | 좋은글귀 | 조언 | 명언 | 위로 | 동기부여,마인드샷MindShot,UCSL-Gjggk5PALIL9eveZy4g,2025-04-27,2312,38,0,10:28:02,37682,스토아,불교|도가,1,true,스토아 불교
C0qyj7VQ-g0,https://youtu.be/C0qyj7VQ-g0,두려움을 넘어서는 방법 I 불교와 스토아가 말하는 두려움의 의미,소나무철학,UCZJB9hCwsA9rRR7vdVsmaAQ,2026-01-29,7,0,0,22:11,1331,스토아,불교,1,true,스토아 불교
ZzKQ4d9hahA,https://youtu.be/ZzKQ4d9hahA,✨ 비워야 비로소 채워진다｜노자·장자·붓다·스토아 철학이 전하는 지혜,금빛시간,UCRuUj7DV984jPZ5t8XBAa3Q,2025-08-20,114,5,0,12:59,779,스토아,노자|장자|붓다,1,true,스토아 불교|스토아 노자
ibdWmF73w-Y,https://youtu.be/ibdWmF73w-Y,"“죽음을 생각하면 삶이 바뀔까?” | 스토아, 불교, 하이데거가 전하는 인생 통찰",인문학발전소(Humanities Power Plant),UCwh0eW_nwiIAC9FFhvRNzHA,2025-04-24,264,16,4,8:42,522,하이데거|스토아,불교,1,true,스토아 불교
inDK2Iq0MGc,https://youtu.be/inDK2Iq0MGc,감정의 폭군에서 해방: 현대인이 스토아 철학으로 이성적인 삶과 내면의 평화를 얻는 4단계 원칙,삶의 지혜 채널,UCIshoYvq0g1LhTePtzTpKiA,2025-10-24,10,0,0,23:38,1418,스토아,불교,1,false,스토아 불교
awljUTFD-W8,https://youtu.be/awljUTFD-W8,당신 옆에 사악한 사람이 있다는 10가지 확실한 신호  스토아 철학,불교의 빛 ,UCBZ864qMujf27WzKJvn4zsg,2025-04-19,158,0,0,35:37,2137,스토아,부처|요가|불교,1,false,스토아 불교
uI87E4jb-zg,https://youtu.be/uI87E4jb-zg,활 만드는 사람처럼 #석가모니,지식 한조각,UCewPh8NHXfc3FwcELGMA37g,2022-11-02,1684,40,1,0:11,11,니체,석가|부처|불교,1,false,스토아 불교
MR3t1tCwJ2M,https://youtu.be/MR3t1tCwJ2M,내면의 평화는 나에게서 비롯된다   스토아 명언   스토익하다   금욕주의,불교의 빛 ,UCBZ864qMujf27WzKJvn4zsg,2025-04-05,11,0,0,31:40,1900,스토아,부처|요가|불교,1,false,스토아 불교
btm_uzdc9iM,https://youtu.be/btm_uzdc9iM,"모든 걸 내려놓았을 때, 비로소 보이는 것들 – 불교·스토아·프롬의 내려놓음의 철학 | AI가 읽은 철학 Ep.82 #인생조언 #인생명언",AI가 읽은 철학,UCoglaYe-TIiEAI_7o_6oT6g,2025-06-17,1483,12,0,0:52,52,스토아,불교,1,true,스토아 불교
dMZRBZzvnls,https://youtu.be/dMZRBZzvnls,인생을 바꾸는 스토아 철학 | 마음을 다스리는 법 | 삶의 지혜 채널,삶의 지혜 채널,UCIshoYvq0g1LhTePtzTpKiA,2025-10-19,151,3,0,28:56,1736,스토아,불교,1,false,스토아 불교
GlyMzKkEJKA,https://youtu.be/GlyMzKkEJKA,[반야심경 이야기] 5차시 - 반야심경과 명상록｜불교와 스토아 철학이 만나는 지점,바람책방,UCWBHeMrtHgqcwLGfHLB5ZYA,2026-04-06,52,0,1,44:28,2668,스토아,반야심경|불교|색즉시공|공(空)|연기법,1,true,스토아 불교
2LeRnf6xock,https://youtu.be/2LeRnf6xock,불평하는 습관을 영원히 끝내줄 스토아 철학의 가르침,삶의 지혜 채널,UCIshoYvq0g1LhTePtzTpKiA,2025-10-22,52,1,0,11:03,663,스토아,불교,1,false,스토아 불교
HHoLxviLeyM,https://youtu.be/HHoLxviLeyM,내면의 평화는 나에게서 비롯된다  스토아 명언  스토익하다  금욕주의,법음,UC9f1O9t2DcQbmcMP-X_CZ6Q,2025-03-28,17,0,0,31:40,1900,스토아,부처|요가|불교,1,false,스토아 불교
iG2SG3lDe2w,https://youtu.be/iG2SG3lDe2w,현대인의 스트레스 스토아 철학과 불교의 마음챙김은 해결책이 될 것인가?  | 인생명언 | 삶의지혜 | 행복  | 철학 | 인문학 | 오디오북,명언의 선율,UCeFCPQuMsLsMoJ0EO1Xm7Kw,2025-05-10,139,3,0,25:57,1557,쇼펜하우어|스토아,불교,1,true,스토아 불교
XeRIP7GUiY4,https://youtu.be/XeRIP7GUiY4,마음공부|내 권한 밖에 것들을 바라지 말라/스토아 철학/깨달음을 얻게 된다|깨달음,인생길에서 ,UCYS7B6i09GS6dh69oj2TKhQ,2023-08-15,55,5,0,21:53,1313,제논|스토아,불교,1,false,스토아 불교
T8R867xCo7o,https://youtu.be/T8R867xCo7o,내면의 평화는 나에게서 비롯된다 스토아 명언 스토익하다 금욕주의.,마음의 평화,UCrtN6e-bMti09gcFJMsrfAA,2025-04-22,19,0,0,31:39,1899,스토아,부처|요가|불교,1,false,스토아 불교
ATGZjkoCK8E,https://youtu.be/ATGZjkoCK8E,물처럼 살아라. 노자,철학의 망치,UCIhETWTR_JffxR3sSutMUnA,2025-04-08,253,8,0,8:27,507,스토아,노자,1,false,스토아 노자
ppg4PJQoX8s,https://youtu.be/ppg4PJQoX8s,"모든 스트레스의 근원은 ‘남’이다 – 노자,선종,스토아 학파의 공통 스트레스 해결책",이야기해주네 | THINK WITH ZUNE,UCeinb8Fw-BkVt25X2G_Rwsg,2025-03-02,356,5,3,7:15,435,스토아,노자|부처|도덕경|불교,1,true,스토아 노자
wQzhOFNiTc4,https://youtu.be/wQzhOFNiTc4,✨ 비워야 비로소 채워진다｜노자·장자·붓다·스토아 철학이 전하는 지혜 #비움의지혜 #노자 #장자 #붓다 #스토아철학 #성공습관 #마음챙김 #행복습관 #철학이주는선물 #인생의지혜,금빛시간,UCRuUj7DV984jPZ5t8XBAa3Q,2025-08-20,1087,12,0,0:16,16,스토아,노자|장자|붓다,1,true,스토아 노자
gFdanvpBFbA,https://youtu.be/gFdanvpBFbA,"70 넘으면 말보다 침묵이 힘입니다 노자, 소크라테스, 마르쿠스 아우렐리우스의 인생론 처세술 | 품격 | 인생조언 | 오디오북",인생명언라디오,UCcP2j4XHkrvdk5V_nVInfQw,2026-05-23,45,5,1,18:05,1085,소크라테스|마르쿠스 아우렐리우스|스토아,노자|도덕경|무위자연,3,true,스토아 노자
jr7oBWntE6k,https://youtu.be/jr7oBWntE6k,"노자에게 배우는 삶의 지혜, 인생철학, 인생조언, 애쓰지 않는 삶",지식클럽 S Quotes,UC2OKEeEYzn-kEJHWy3D-UUA,2023-02-10,1176,53,2,3:04,184,소크라테스|플라톤|쇼펜하우어|니체,노자|장자|공자|맹자|석가|도가|도교,4,false,스토아 노자
ADKIMPrAWr8,https://youtu.be/ADKIMPrAWr8,노자: 내려감 속에 진실이 있다 #노자 #겸손 #낮춤의지혜,랭크아이템,UCfMFC45e9RY0UJqxE-D4Rgg,2025-07-28,9,1,0,0:05,5,소크라테스|플라톤|아리스토텔레스|에피쿠로스|제논|세네카|에픽테토스|마르쿠스 아우렐리우스|아우구스티누스|아퀴나스|루소|칸트|헤겔|쇼펜하우어|니체|스토아,노자|장자|공자|맹자|순자|한비자|묵자|퇴계|율곡|정약용|혜능|달마|붓다|나가르주나|도덕경|도가|무위자연|공(空),16,false,스토아 노자
x-p6IPqvyyI,https://youtu.be/x-p6IPqvyyI,"노자가 들려주는 인생 후반전의 평안, 비울수록 행복해지는 이유",시니어 행복 철학 이야기,UC8-RrcMX_H8_70hRBQ_NihQ,2026-07-08,132,15,3,10:20,620,소크라테스|아리스토텔레스|스토아,노자|장자|공자|도덕경|불교,3,false,스토아 노자
TSI2RN4ug-I,https://youtu.be/TSI2RN4ug-I,장자: 꿈과 현실은 다르지 않다 #장자 #자아혼란 #현실과환상,랭크아이템,UCfMFC45e9RY0UJqxE-D4Rgg,2025-08-15,19,2,0,0:05,5,소크라테스|플라톤|아리스토텔레스|에피쿠로스|제논|세네카|에픽테토스|마르쿠스 아우렐리우스|아우구스티누스|아퀴나스|루소|칸트|헤겔|쇼펜하우어|니체|스토아,노자|장자|공자|맹자|순자|한비자|묵자|퇴계|율곡|정약용|혜능|달마|붓다|나가르주나|도덕경|도가|무위자연|공(空),16,false,스토아 노자
clHshl8-5Qk,https://youtu.be/clHshl8-5Qk,"목표앞에막막할때 ""노자""명언쇼츠, 위인·성인 한 문장으로 하루를 밝히는 쇼츠 #명언모음 #명언 #명언쇼츠",Great Minds,UCDgu5Arg3bi9175xAikkVOQ,2025-10-06,1390,8,0,0:44,44,세네카|에픽테토스|스토아,노자|부처,2,false,스토아 노자
kIXOtt5aGvk,https://youtu.be/kIXOtt5aGvk,노자: 적게 말하고 많이 하라 #노자 #행동 #실천력,랭크아이템,UCfMFC45e9RY0UJqxE-D4Rgg,2025-08-08,19,0,0,0:06,6,소크라테스|플라톤|아리스토텔레스|에피쿠로스|제논|세네카|에픽테토스|마르쿠스 아우렐리우스|아우구스티누스|아퀴나스|루소|칸트|헤겔|쇼펜하우어|니체|스토아,노자|장자|공자|맹자|순자|한비자|묵자|퇴계|율곡|정약용|혜능|달마|붓다|나가르주나|도덕경|도가|무위자연|공(空),16,false,스토아 노자
8XZes7rERiI,https://youtu.be/8XZes7rERiI,노자: 욕심을 줄이면 마음이 평온하다 #노자 #무욕 #자유로운삶,랭크아이템,UCfMFC45e9RY0UJqxE-D4Rgg,2025-07-13,23,2,0,0:07,7,소크라테스|플라톤|아리스토텔레스|에피쿠로스|제논|세네카|에픽테토스|마르쿠스 아우렐리우스|아우구스티누스|아퀴나스|루소|칸트|헤겔|쇼펜하우어|니체|스토아,노자|장자|공자|맹자|순자|한비자|묵자|퇴계|율곡|정약용|혜능|달마|붓다|나가르주나|도덕경|도가|무위자연|공(空),16,false,스토아 노자
IVeanlysd3s,https://youtu.be/IVeanlysd3s,[3분 인문학] 칸트와 쇼펜하우어 _홍익학당.윤홍식,홍익학당,UCI8HW08rOSlvweOjJ9Gp2Ng,2017-09-20,9704,273,8,3:58,238,소크라테스|데카르트|흄|칸트|쇼펜하우어,공자|맹자|석가|부처|참선|불교|유교,5,false,칸트 유교
CnmGc0NcrmA,https://youtu.be/CnmGc0NcrmA,[홍익학당] 꼭 알아야 할 칸트철학의 핵심(170628)_A498,홍익학당,UCI8HW08rOSlvweOjJ9Gp2Ng,2017-07-05,177442,2600,73,38:17,2297,소크라테스|칸트,공자|맹자|석가|부처|참선|불교|유교,2,false,칸트 유교
VF1UOR2JJ_0,https://youtu.be/VF1UOR2JJ_0,"[홍익학당] 칸트의 ""양심의 법칙을 따르라!""(170628)_A499",홍익학당,UCI8HW08rOSlvweOjJ9Gp2Ng,2017-07-13,17573,461,21,41:35,2495,소크라테스|칸트,공자|맹자|석가|부처|참선|불교|유교,2,false,칸트 유교
MmkZTicb7ws,https://youtu.be/MmkZTicb7ws,칸트의 서양 철학 사상이 조선 후기 유학과  만남에 미친 숨겨진 영향,철학공감-BD,UCYQsM1MsHzOrrt0i73Ag3ig,2026-01-16,239,6,1,23:15,1395,칸트|융,주자|정약용,2,false,칸트 유교
u-uPkEfrKxE,https://youtu.be/u-uPkEfrKxE,공자 : 난 그렇게 말한 적 없는데;;,너진똑 NJT BOOK,UCA4ZUofyfHIk-qXlAQQV5Hg,2024-06-21,463474,10418,950,14:40,880,융|롤스,공자|퇴계|논어|불교|유교,2,false,칸트 유교
6-KHHT8Dseo,https://youtu.be/6-KHHT8Dseo,[홍성민 교수의 알기쉬운 정치철학 이야기] 77. 자유주의: 칸트 13(유교3),홍알정,UCaOPVPMu2bEqEp2-h2ovRxA,2022-03-11,53,5,0,11:32,692,칸트,유교,1,true,칸트 유교
XCygmDoGxOs,https://youtu.be/XCygmDoGxOs,[홍익학당] 칸트 철학과 일체유심조의 실체(190619)_A790,홍익학당,UCI8HW08rOSlvweOjJ9Gp2Ng,2019-07-18,23390,686,38,1:03:41,3821,칸트,요가|참선|불교,1,false,칸트 유교
Y1mrXDBXbSg,https://youtu.be/Y1mrXDBXbSg,아는 척 그만… 오해의 “성선설” (ft.사서삼경),너진똑 NJT BOOK,UCA4ZUofyfHIk-qXlAQQV5Hg,2024-07-18,419961,8805,669,15:16,916,칸트|융|롤스,공자|맹자|순자|주자|왕양명|퇴계|논어|중용|유교,3,false,칸트 유교
j-xgQV5dsIg,https://youtu.be/j-xgQV5dsIg,"EBS 기획특강 - 도올 김용옥의 중용, 인간의 맛_4강_20110913_#005",EBSCulture (EBS 교양),UCl_tB4AqPkkxuYcJQHz6dMw,2012-12-13,53761,158,6,6:16,376,칸트,노자|공자|맹자|주자|논어|중용|대학|유교,1,false,칸트 유교
SgUFzZRoO8w,https://youtu.be/SgUFzZRoO8w,[마더텅] [생활과 윤리] [필수개념] 칸트의 의무론 (해설 : 배준호 선생님),마더텅 고등,UCAgFyrAQPisZaJbOAwzM6aw,2021-11-04,8597,55,0,17:16,1036,칸트,대학,1,false,칸트 유교
cBbTek5wDJo,https://youtu.be/cBbTek5wDJo,인문학의 혁명  - 칸트 Ⅰ,홍순원 인문학 연구소,UCfIOEha8_7pSTGg7fUBFprQ,2021-01-16,4196,140,6,22:26,1346,데카르트|칸트,대학,1,false,칸트 유교
cjLqx_TMa0Y,https://youtu.be/cjLqx_TMa0Y,[홍성민 교수의 알기쉬운 정치철학 이야기] 80. 자유주의: 칸트 16(유교6),홍알정,UCaOPVPMu2bEqEp2-h2ovRxA,2022-03-16,63,8,1,3:44,224,칸트,유교,1,true,칸트 유교
8QJeKSZSikg,https://youtu.be/8QJeKSZSikg,[3분 인문학] 칸트의 순수이성비판 _홍익학당,홍익학당,UCI8HW08rOSlvweOjJ9Gp2Ng,2020-11-30,9344,320,21,3:13,193,데카르트|칸트|헤겔|니체,불교|유교,2,false,칸트 유교
XL3ol9HmnZ4,https://youtu.be/XL3ol9HmnZ4,[홍성민 교수의 알기쉬운 정치철학 이야기] 75. 자유주의: 칸트 11(유교1),홍알정,UCaOPVPMu2bEqEp2-h2ovRxA,2022-03-09,91,7,0,10:43,643,칸트,유교,1,true,칸트 유교
atTQwCo-_js,https://youtu.be/atTQwCo-_js,[홍성민 교수의 알기쉬운 정치철학 이야기] 81. 자유주의: 칸트 17(유교7),홍알정,UCaOPVPMu2bEqEp2-h2ovRxA,2022-03-17,67,6,0,10:52,652,칸트,유교,1,true,칸트 유교
mNHCcBjK1Lo,https://youtu.be/mNHCcBjK1Lo,[홍성민 교수의 알기쉬운 정치철학 이야기] 82. 자유주의: 칸트 18(유교8),홍알정,UCaOPVPMu2bEqEp2-h2ovRxA,2022-03-18,71,4,0,10:52,652,칸트,유교,1,true,칸트 유교
qhyoZj5NcXI,https://youtu.be/qhyoZj5NcXI,[홍성민 교수의 알기쉬운 정치철학 이야기] 76. 자유주의: 칸트 12(유교2),홍알정,UCaOPVPMu2bEqEp2-h2ovRxA,2022-03-10,76,5,1,10:50,650,칸트,유교,1,true,칸트 유교
XHFZDiqVfWY,https://youtu.be/XHFZDiqVfWY,[홍성민 교수의 알기쉬운 정치철학 이야기] 78. 자유주의: 칸트 14(유교4),홍알정,UCaOPVPMu2bEqEp2-h2ovRxA,2022-03-14,57,5,0,11:24,684,칸트,유교,1,true,칸트 유교
WIBtTI5O5TM,https://youtu.be/WIBtTI5O5TM,6. 공자의 도덕주의와 칸트의 인격주의/어떻게 할것인가? -황상규의 철학이야기,황상규TV,UCeCl-H9Un_CSEcNKRHfjZBA,2020-03-17,7886,103,10,58:01,3481,칸트,공자,1,true,칸트 유교
UMbyHbPPecU,https://youtu.be/UMbyHbPPecU,[마더텅] [생활과 윤리] [필수개념] 칸트의 의무론 (해설 : 배준호 선생님),마더텅 고등,UCAgFyrAQPisZaJbOAwzM6aw,2022-07-26,2078,17,0,17:12,1032,칸트,대학,1,false,칸트 유교
E1ptJXSU6hw,https://youtu.be/E1ptJXSU6hw,[홍성민 교수의 알기쉬운 정치철학 이야기] 84. 자유주의: 칸트 20(유교10),홍알정,UCaOPVPMu2bEqEp2-h2ovRxA,2022-03-22,104,6,1,12:07,727,칸트,유교,1,true,칸트 유교
x3B7U4EVJDs,https://youtu.be/x3B7U4EVJDs,[홍성민 교수의 알기쉬운 정치철학 이야기] 83. 자유주의: 칸트 19(유교9),홍알정,UCaOPVPMu2bEqEp2-h2ovRxA,2022-03-21,79,7,0,10:32,632,칸트,유교,1,true,칸트 유교
f0LmWIbA3vY,https://youtu.be/f0LmWIbA3vY,"EBS 기획특강 - 도올 김용옥의 중용, 인간의 맛_4강_20110913_#004",EBSCulture (EBS 교양),UCl_tB4AqPkkxuYcJQHz6dMw,2012-12-13,57441,145,1,5:55,355,칸트,노자|공자|맹자|주자|논어|중용|대학|유교,1,false,칸트 유교
QqqqeHWR_tU,https://youtu.be/QqqqeHWR_tU,[논어강의 032] 공자와 칸트의 인간론 - 칠십이종심소욕 불유구,보현TV,UCHkKf85AxbSM_IFNhs9kOPw,2019-02-19,1986,50,0,7:24,444,칸트,공자|논어,1,true,칸트 유교
s2knZEKrxOA,https://youtu.be/s2knZEKrxOA,[홍성민 교수의 알기쉬운 정치철학 이야기] 79. 자유주의: 칸트 15(유교5),홍알정,UCaOPVPMu2bEqEp2-h2ovRxA,2022-03-15,72,6,0,10:04,604,칸트,유교,1,true,칸트 유교
a0y0gmUa_6c,https://youtu.be/a0y0gmUa_6c,"으른이 하라면 좀 해라! 아리스토텔레스, 매킨타이어의 덕 윤리, 11분만에 찢어버리기",이투스 현수쌤,UCe4tYXuh3NXN-8fM77Z37Zw,2023-04-05,158300,2624,98,10:58,658,아리스토텔레스,중용,1,false,칸트 유교
RN8-Zzv4c1U,https://youtu.be/RN8-Zzv4c1U,헤겔의 동양철학 비판,지혜의 빛 : 인문학의 숲,UCS_8v3yJnRahqwFvxoEIupg,2025-10-04,40851,1319,515,25:34,1534,헤겔|마르크스,노자|공자|불교,2,false,헤겔 동양철학|서양철학 동양철학 비교|동서양 철학 비교
ZKsKrADMtEs,https://youtu.be/ZKsKrADMtEs,"인생은 나선형이다, 헤겔이 말하는 성장의 변증법 #헤겔 #철학 #인생조언 ",마음정원,UCCwHcYVUxelD1MCoTF7vCNg,2025-10-12,2155,74,12,25:51,1551,헤겔,대학,1,false,헤겔 동양철학
27f95k5J2Ss,https://youtu.be/27f95k5J2Ss,헤겔의 철학 (게오르크 빌헬름 프리드리히 헤겔) /헤겔 철학 개론,Dasima,UCBE6V1G2UJG0nPbziT4pJeg,2025-12-13,901,22,0,57:58,3478,헤겔|마르크스|실존주의,도가,1,false,헤겔 동양철학
hzoUDXO7GMw,https://youtu.be/hzoUDXO7GMw,"[헤겔의 종교철학] ""헤겔종교철학강의 해설"" [정진우의 철학교실]",정진우의 철학교실,UCdOVD1pKx_3J2eBdSouv-dg,2021-02-18,8024,251,64,16:07,967,헤겔,도교,1,false,헤겔 동양철학
S-uRj_gDcI4,https://youtu.be/S-uRj_gDcI4,동양철학이란 무엇인가?(feat. 동양철학이 서양철학보다 위대한가?),지혜의 빛 : 인문학의 숲,UCS_8v3yJnRahqwFvxoEIupg,2021-07-22,53627,1497,172,19:03,1143,플라톤,공자|맹자|주역|불교|유교,1,false,헤겔 동양철학|서양철학 동양철학 비교|동서양 철학 비교
KIOj35M_yfg,https://youtu.be/KIOj35M_yfg,철학사 강의 (게오르크 빌헬름 프리드리히 헤겔) /《철학사 강의》: 헤겔이 밝히는 철학 사상의 '필연적인' 발전 단계와 그 궁극적인 목표.,Dasima,UCBE6V1G2UJG0nPbziT4pJeg,2025-12-13,307,8,0,4:52:46,17566,플라톤|아리스토텔레스|데카르트|칸트|헤겔,대학,1,false,헤겔 동양철학
pRIourbIYIs,https://youtu.be/pRIourbIYIs,"헤겔 철학(a.k.a.변증법, 정반합) 5분만에 읽기",교양살롱,UCXKyeVSM05tNyYQoHI-tDlA,2021-11-28,33763,540,27,5:17,317,헤겔|마르크스|실존주의,대학,1,false,헤겔 동양철학
V0dI2s_hD-Q,https://youtu.be/V0dI2s_hD-Q,"헤겔 [정신현상학], '아름다운 영혼'의 변증법 [정진우의 철학교실]",정진우의 철학교실,UCdOVD1pKx_3J2eBdSouv-dg,2020-09-21,10805,357,48,10:18,618,헤겔,도교,1,false,헤겔 동양철학
qTxp08WG9-4,https://youtu.be/qTxp08WG9-4,헤겔에 대한 놀라운 사실 3가지,지혜의문,UCSrYR0LfIfiNfkQ5X10sCnQ,2025-03-31,5350,15,0,0:55,55,헤겔,대학,1,false,헤겔 동양철학
cfl2oh7OhEc,https://youtu.be/cfl2oh7OhEc,게오르크 빌헬름 프리드리히 헤겔의 삶 (카를 로젠크란츠) /철학계의 거장 헤겔의 숨겨진 이야기! 제자가 기록한 그의 사상과 인간적인 면모.,Dasima,UCBE6V1G2UJG0nPbziT4pJeg,2025-12-14,821,22,0,2:02:23,7343,헤겔,대학,1,false,헤겔 동양철학
upz2YcLN0aQ,https://youtu.be/upz2YcLN0aQ,[양심 인문학] 동서양 철학의 근본적 차이 _241116,홍익학당,UCI8HW08rOSlvweOjJ9Gp2Ng,2025-01-21,4366,285,16,13:19,799,소크라테스|플라톤|에픽테토스|마르쿠스 아우렐리우스|데카르트|라이프니츠|헤겔|쇼펜하우어,노자|공자|맹자|주자|부처|중용|불교|유교|연기법,8,false,헤겔 동양철학|서양철학 동양철학 비교|동서양 철학 비교
PrP1ful24Iw,https://youtu.be/PrP1ful24Iw,[1분 철학] 길을 잃은 서양철학 천년 맛집 동양 철학,홍익학당,UCI8HW08rOSlvweOjJ9Gp2Ng,2025-01-03,2041,94,5,1:18,78,소크라테스|플라톤|헤겔|쇼펜하우어|하이데거,공자|맹자|주자|불교,4,false,헤겔 동양철학
8iVjBTnKROE,https://youtu.be/8iVjBTnKROE,철학입문 가이드 what is philosophy.,이지영 [Leejiyoung Official],UCM2HVszjOG8328YYmCoQwAw,2020-01-01,293640,5392,303,9:06,546,칸트,대학,1,false,헤겔 동양철학|서양철학 동양철학 비교|동서양 철학 비교
lAX_0f40xXE,https://youtu.be/lAX_0f40xXE,고독은 모든 뛰어난 인물의 운명이다 ｜  니체와 장자는 이렇게 말했다,지식의 취향,UCKaEKEiswhc9gYL-cwrC49w,2024-08-25,86330,2086,134,35:02,2102,니체,장자|요가,1,true,장자 니체
4C-e_hMX8SA,https://youtu.be/4C-e_hMX8SA,[니체와 장자는 이렇게 말했다] 철학은 어떻게 나다운 삶을 살아가게 하는가 책읽어주는여자 남자  오디오북,책읽기좋은날,UC17lvWECf2AWRbqKuCcf4VQ,2021-03-13,238367,5713,170,49:18,2958,니체|융,장자|대학,2,true,장자 니체
ttL-20rz_cE,https://youtu.be/ttL-20rz_cE,"✒️인생을 바꾸고 싶다면 꼭 알아야 할 명언ㅣ니체, 장자, 벤자민 프랭클린",조승연의 탐구생활,UCvW8norVMTLt7QN-s2pS4Bw,2020-05-29,5533625,56847,2860,11:49,709,니체,장자,1,true,장자 니체
iZbnORcAJy0,https://youtu.be/iZbnORcAJy0,인생은 잘 놀다 가는 것 | 편안한 인생을 사는 지혜 | 니체와 장자는 이렇게 말했다 | 오디오북,고독한 낭독회,UClkZfse00Rl226AJ7V5Hl4w,2023-01-02,59215,1372,29,39:53,2393,니체,장자,1,true,장자 니체
hQyd-se3DpA,https://youtu.be/hQyd-se3DpA,신은 죽었다 니체 #철학  #오디오북  #작가전기  #스토리텔링  #세계문학  #인생이야기  #철학자   #명언  #철학다큐,책방 민준씨,UCL2NPsfB-mrubFFy1EgWIhg,2026-03-13,88819,1802,75,1:03:50,3830,쇼펜하우어|니체,대학,1,false,장자 니체
AxoIJqxStKA,https://youtu.be/AxoIJqxStKA,"""혼자있는 시간이 당신을 강하게 만든다.""  #니체 #장자 #고독의힘 #철학쇼츠 #인생조언 #자기성찰 #외로움극복 #마음공부 #삶의지혜 #나답게살기",밤의 철학자,UCNGuLwOUJQj9aMWgwi1JHvA,2026-05-01,80,8,0,26:07,1567,니체,장자,1,true,장자 니체
sU7B3xsA5qc,https://youtu.be/sU7B3xsA5qc,성장인가 자기처벌인가 | 니체 vs 장자,INTER VITAS,UCF7gHN7Kp4njNwwJZWFmS-w,2026-07-08,188,14,2,24:23,1463,니체,장자,1,true,장자 니체
4HgQ0Phodv4,https://youtu.be/4HgQ0Phodv4,"장자와 니체, 천재인가 괴짜인가?",똑똑한 속삭임,UCxbnLJxvi6-6Lh7bv8Iw_oQ,2025-04-03,2801,87,4,20:38,1238,플라톤|니체,노자|장자|공자,2,true,장자 니체
uvG-Me0vasY,https://youtu.be/uvG-Me0vasY,"[출근길엔 니체, 퇴근길엔 장자] 지친 현대인들에게 건네는 위로의 철학│책읽어주는여자 오디오북 podcasts",책읽기좋은날,UC17lvWECf2AWRbqKuCcf4VQ,2022-11-14,45504,1340,22,45:01,2701,니체|하이데거|사르트르,장자|공자|순자|한비자,3,true,장자 니체
zg6eXXc2xqE,https://youtu.be/zg6eXXc2xqE,"니체와 장자가 말하는 ""성공의 조건""",세컨드찬스,UCtI3TbyfTEaiUKZPFWrLGOw,2023-01-12,67,1,0,4:45,285,니체,장자,1,true,장자 니체
xfIicIwDwKg,https://youtu.be/xfIicIwDwKg,"니체와 장자, 질서를 거부한 철학자들",나를 배우는 시간,UCaFx_Fe26vwji7gX8bFL9bg,2025-10-23,982,7,0,0:37,37,니체,장자,1,true,장자 니체
_0D804WoAus,https://youtu.be/_0D804WoAus,"니체와 장자는 이렇게 말했다/오디오북,책리뷰,책읽어주는남자,삶의 지혜,니체,장자,고전,명언",미남이 책방,UCmmG2m8EU-IwaUUXTzPG9Kw,2023-12-08,3012,96,12,41:39,2499,니체,장자|요가,1,true,장자 니체
7Mk1KzExQsE,https://youtu.be/7Mk1KzExQsE,"니체, 장자 그들은 이렇게 말했다ㅣ니체명언, 장자명언ㅣ좋은 책방ㅣASMR 잠 잘때 듣는 명언 오디오북",좋은 책방,UCJNtfaCzsWMkZth0hMgDmTA,2023-03-26,167,4,1,18:42,1122,니체,장자,1,true,장자 니체
ROPqJj-L_Sg,https://youtu.be/ROPqJj-L_Sg,"출근길엔 니체, 퇴근길엔 장자 - 책 한줄 요약 & 솔직 리뷰",날나리_,UCfgbD3jtYnSQnQBx224d7hA,2023-12-13,73,2,0,0:58,58,니체,장자,1,true,장자 니체
l-5WSxnG3XM,https://youtu.be/l-5WSxnG3XM,"니체와 장자, 자유의 끝은 달랐다",나를 배우는 시간,UCaFx_Fe26vwji7gX8bFL9bg,2025-10-24,2120,6,0,0:29,29,니체,장자,1,true,장자 니체
hRiL5XBq0gs,https://youtu.be/hRiL5XBq0gs,장자와 니체가 갈구한 자유에 대하여....양승권 (대구대 교수),Hyung Movie,UCqawOLOMY9uz1Mtk5IPOdPw,2022-09-28,341,7,2,1:38:57,5937,니체,장자,1,true,장자 니체
DpWlwQFlLV8,https://youtu.be/DpWlwQFlLV8,"혐오를 벗어나 분노를 동력으로 | 출근길엔니체, 퇴근길엔 장자 | 오디오북",고독한 낭독회,UClkZfse00Rl226AJ7V5Hl4w,2023-01-30,11439,237,32,41:24,2484,니체|마르크스|사르트르|카뮈,장자|공자|맹자,3,true,장자 니체
LlIrTVOH3Wk,https://youtu.be/LlIrTVOH3Wk,니체와 장자가 알려주는 지혜,북포스-좋은글 전문 채널,UC31FcUqMynmWDtQTzii1-Pg,2022-10-15,4895,161,4,8:40,520,니체,장자|요가,1,true,장자 니체
LlGQZSwwxOI,https://youtu.be/LlGQZSwwxOI,니체의 쌍욕,철학의 사도,UCnLHG7VpX7fAHSARoyK-oVg,2023-01-22,14126,197,46,0:24,24,소크라테스|플라톤|칸트|니체,도교,1,false,장자 니체
fSxmbLEYedc,https://youtu.be/fSxmbLEYedc,"인생을 뒤집는 철학자들의 비밀 니체,장자,벤자민 프랭클린 | 철학자 | 명언 |",매일명언,UCCuIo5CvSQ4BHqPhgx2WdRA,2024-11-20,35,2,1,14:33,873,니체,장자,1,true,장자 니체
WX_LBbC6j2E,https://youtu.be/WX_LBbC6j2E,"[들뢰즈가 만든 철학사] 4장 스피노자, 마르시알 게루의 일반적 방법",스토리라인 인문학교TV,UCi14EXiitQIVanNUHB5UHdg,2026-04-16,47,2,0,43:20,2600,플라톤|스피노자|들뢰즈,노자,1,true,들뢰즈 노자
Gf0v0XgiQxA,https://youtu.be/Gf0v0XgiQxA,"다른 청춘을 꿈꾸다, 들뢰즈를 통한 세상 읽기 - 이진경 철학자",OCW-HYU,UC2Q6zqUFHf-m5UJOpvxFkVw,2011-10-10,57766,289,13,2:00:54,7254,니체|들뢰즈,대학,1,false,들뢰즈 노자
3TbJIv4uT3E,https://youtu.be/3TbJIv4uT3E,허경 프랑스철학으로 읽는 노자 1-1강,이문회우인문협동조합,UC3fdRZbWOHAsb0LMBxe-InQ,2016-09-28,1336,22,1,14:52,892,니체|푸코|데리다|들뢰즈,노자,1,false,들뢰즈 노자
q_0O4DCyylU,https://youtu.be/q_0O4DCyylU,허경 프랑스철학으로 읽는 노자 1-3강,이문회우인문협동조합,UC3fdRZbWOHAsb0LMBxe-InQ,2016-09-30,473,16,0,14:33,873,푸코|데리다|들뢰즈,노자,1,false,들뢰즈 노자
heYzfIMb0Eg,https://youtu.be/heYzfIMb0Eg,왜 우리는 감정에 휘둘리는가 | 스피노자 #철학 #인문학 #스토리텔링 #위인전 #인생이야기,책방 민준씨,UCL2NPsfB-mrubFFy1EgWIhg,2026-06-21,121102,3241,142,48:36,2916,데카르트|스피노자|라이프니츠|홉스,노자|대학,2,true,들뢰즈 노자
UUiA95_Y_pk,https://youtu.be/UUiA95_Y_pk,허경 프랑스철학으로 읽는 노자 1-2강,이문회우인문협동조합,UC3fdRZbWOHAsb0LMBxe-InQ,2016-09-29,628,7,0,14:12,852,푸코|데리다|들뢰즈,노자,1,false,들뢰즈 노자
JIsKJSYI4S0,https://youtu.be/JIsKJSYI4S0,스피노자의 명언 5가지ㅣ인생명언,인생길산책,UCOozWZryOdYHln264FBJPTw,2025-07-04,25946,1121,62,1:22,82,스피노자,노자,1,true,들뢰즈 노자
mlHPClORQwE,https://youtu.be/mlHPClORQwE,허경 프랑스철학으로 읽는 노자 1-4강,이문회우인문협동조합,UC3fdRZbWOHAsb0LMBxe-InQ,2016-10-04,436,8,0,13:57,837,푸코|데리다|들뢰즈,노자,1,false,들뢰즈 노자
hx9MGgotGQQ,https://youtu.be/hx9MGgotGQQ,042 스피노자 : 자연이 곧 신(GOD)이다,5분 뚝딱 철학,UC59N4YTqBjs_xte25Fc2YPA,2025-04-14,17806,458,19,6:18,378,소크라테스|플라톤|아리스토텔레스|데카르트|스피노자|라이프니츠|로크|흄|칸트|헤겔|니체|프로이트|융|사르트르|비트겐슈타인|러셀|실존주의,노자|대학,2,false,들뢰즈 노자
-a24b3TaDmc,https://youtu.be/-a24b3TaDmc,"[그녀의북살롱]  세계를 어떻게 해석할 것인가_생각하는 힘, 노자 인문학_최진석",[살롱드미셸] 미셸책소리,UCLYzQL1sdcNBMPauEo58-HQ,2020-03-05,16,1,0,32:58,1978,플라톤|니체|융|들뢰즈,노자|공자|불교|도가,4,false,들뢰즈 노자
VEts-EIlALM,https://youtu.be/VEts-EIlALM,허경 프랑스철학으로 읽는 노자 1-5강,이문회우인문협동조합,UC3fdRZbWOHAsb0LMBxe-InQ,2016-10-06,358,4,0,14:52,892,푸코|데리다|들뢰즈,노자|도덕경,2,false,들뢰즈 노자
kBR2ZAh2E0c,https://youtu.be/kBR2ZAh2E0c,『스피노자: 실천철학』 읽기 Part 3,가시광선,UCWwt0LwCTGoMdEDXEMfqrTw,2025-11-09,6,0,0,11:59,719,스피노자|들뢰즈,노자,1,true,들뢰즈 노자
r7Ctqsin0mg,https://youtu.be/r7Ctqsin0mg,논술세대를 위한 철학교실 - 플라톤과 노자_#003,EBSCulture (EBS 교양),UCl_tB4AqPkkxuYcJQHz6dMw,2013-03-20,3776,21,0,7:53,473,플라톤,노자,1,true,들뢰즈 노자
BvmG6yNGW88,https://youtu.be/BvmG6yNGW88,『스피노자: 실천철학』 읽기 Part 4,가시광선,UCWwt0LwCTGoMdEDXEMfqrTw,2025-11-09,5,0,0,6:39,399,스피노자|들뢰즈,노자,1,true,들뢰즈 노자
rDOvwq6blHI,https://youtu.be/rDOvwq6blHI,왜 아이는 당신 말을 안 들을까요?,DJ 래피,UCQtaSrdyEnlPGI1eWtgWt2Q,2025-06-30,382,3,2,1:01,61,들뢰즈,노자|요가,1,false,들뢰즈 노자
ZxAUqvdWWfQ,https://youtu.be/ZxAUqvdWWfQ,❤️혼자 있는 게 편해진 이유❤️쇼펜하우어의 고독의 가치🌈#성경말씀 #오늘의명언 #삶의지혜 #철학 #하나님 #예수님 #부처님 #기독교 #불교 #니체 #쇼펜하우어 #카뮈  #오디오북,마음의 양식,UCSPyyQDExwIA4nhPCtelWuQ,2025-10-13,154,1,2,1:40,100,소크라테스|플라톤|아리스토텔레스|데카르트|칸트|헤겔|쇼펜하우어|니체|사르트르|카뮈|푸코|들뢰즈|스토아|실존주의,노자|장자|공자|맹자|부처|불교|유교,7,true,들뢰즈 노자
04SVXUGyiIg,https://youtu.be/04SVXUGyiIg,❤️가짜 미소❤️걱정이 있다면 발 연기라도 하세요🌈#성경말씀 #오늘의명언 #삶의지혜 #철학 #하나님 #예수님 #부처님 #기독교 #불교 #니체 #쇼펜하우어 #카뮈  #오디오북,마음의 양식,UCSPyyQDExwIA4nhPCtelWuQ,2025-10-18,89,2,0,1:48,108,소크라테스|플라톤|아리스토텔레스|데카르트|칸트|헤겔|쇼펜하우어|니체|사르트르|카뮈|푸코|들뢰즈|스토아|실존주의,노자|장자|공자|맹자|부처|대학|불교|유교,8,true,들뢰즈 노자
wKPdGjTmXJQ,https://youtu.be/wKPdGjTmXJQ,❤️나이 들어 가장 큰 복은 'OO 이다'❤️인생을 바꾼🌈#성경말씀 #오늘의명언 #삶의지혜 #철학 #하나님 #예수님 #부처님 #기독교 #불교 #니체 #쇼펜하우어 #카뮈  #오디오북,마음의 양식,UCSPyyQDExwIA4nhPCtelWuQ,2025-10-09,922,23,0,1:18,78,소크라테스|플라톤|아리스토텔레스|데카르트|칸트|헤겔|쇼펜하우어|니체|사르트르|카뮈|푸코|들뢰즈|스토아|실존주의,노자|장자|공자|맹자|부처|불교|유교,7,true,들뢰즈 노자
lwEXgHrd19Q,https://youtu.be/lwEXgHrd19Q,❤️돈으로 살 수 없는 진짜 복❤️함께 늙어갈 한 사람🌈#성경말씀 #오늘의명언 #삶의지혜 #철학 #하나님 #예수님 #부처님 #기독교 #불교 #니체 #쇼펜하우어 #카뮈  #오디오북,마음의 양식,UCSPyyQDExwIA4nhPCtelWuQ,2025-10-11,573,10,1,1:19,79,소크라테스|플라톤|아리스토텔레스|데카르트|칸트|헤겔|쇼펜하우어|니체|사르트르|카뮈|푸코|들뢰즈|스토아|실존주의,노자|장자|공자|맹자|부처|불교|유교,7,true,들뢰즈 노자
d4W6Qa5kKdk,https://youtu.be/d4W6Qa5kKdk,인간의 본성과 능력은 7년마다 바뀐다  I 발타자르 그라시안의 지혜 명언  I 인문학특강,매일 듣는 지혜,UCOKLHGzbPbqC6N716gXSeKA,2023-02-27,2514,43,1,0:45,45,쇼펜하우어|니체,노자|장자|공자|맹자|정약용|석가,2,false,들뢰즈 노자
WrJtxf-6XDQ,https://youtu.be/WrJtxf-6XDQ,❤️10년 전 친구와 안 맞는 이유❤️사람은 계속 변한다🌈#성경말씀 #오늘의명언 #삶의지혜 #철학 #하나님 #예수님 #부처님 #기독교 #불교 #니체 #쇼펜하우어 #카뮈  #오디오북,마음의 양식,UCSPyyQDExwIA4nhPCtelWuQ,2025-10-12,788,13,0,1:40,100,소크라테스|플라톤|아리스토텔레스|데카르트|칸트|헤겔|쇼펜하우어|니체|사르트르|카뮈|푸코|들뢰즈|스토아|실존주의,노자|장자|공자|맹자|부처|불교|유교|도가,8,true,들뢰즈 노자
TkCxfsP7Aoo,https://youtu.be/TkCxfsP7Aoo,❤️삶으로 철학을 쓰다❤️소크라테스🌈철학의 길#성경말씀 #오늘의명언 #삶의지혜 #철학 #하나님 #예수님 #부처님 #기독교 #불교 #니체 #쇼펜하우어 #카뮈  #오디오북 #고대철학,마음의 양식,UCSPyyQDExwIA4nhPCtelWuQ,2025-09-29,14,0,0,21:24,1284,소크라테스|플라톤|아리스토텔레스|데카르트|칸트|헤겔|쇼펜하우어|니체|사르트르|카뮈|푸코|들뢰즈|스토아|실존주의,노자|장자|공자|맹자|부처|불교|유교,7,true,들뢰즈 노자
13204GV1bCc,https://youtu.be/13204GV1bCc,❤️품격을 지키는 첫마디❤️첫인상을 결정하는 3초🌈#성경말씀 #오늘의명언 #삶의지혜 #철학 #하나님 #예수님 #부처님 #기독교 #불교 #니체 #쇼펜하우어 #카뮈  #오디오북,마음의 양식,UCSPyyQDExwIA4nhPCtelWuQ,2025-10-07,753,18,2,2:22,142,소크라테스|플라톤|아리스토텔레스|데카르트|칸트|헤겔|쇼펜하우어|니체|사르트르|카뮈|푸코|들뢰즈|스토아|실존주의,노자|장자|공자|맹자|부처|불교|유교|도가,8,true,들뢰즈 노자
Zw2-TLcQ5w4,https://youtu.be/Zw2-TLcQ5w4,강신주 박사의 '철학 고전읽기'1-스피노자의 '에티카',오마이TV,UClAfLVQYZSLrMAQQ_SXPVZw,2012-04-16,113771,603,59,18:25,1105,스피노자|베르그송,노자,1,true,들뢰즈 노자
geG75HW-OiA,https://youtu.be/geG75HW-OiA,"코로나는 박멸할 수 없습니다, 어떻게 같이 춤출 것인가의 문제입니다 | 위드 코로나와 노자 도덕경 (강신익 교수)",몸들의 살림살이,UCjsYeKHaqDg-692JySw12Ng,2021-10-13,67,3,0,1:00:48,3648,들뢰즈,노자|도덕경,1,false,들뢰즈 노자
LiK8cCUqtkA,https://youtu.be/LiK8cCUqtkA,"기쁨을 만드는 법 : 스피노자, 니체, 들리즈의 철학",재단법인 지관,UCMFtInytGPb98UUCjJHdsQw,2022-11-24,18216,359,15,2:00:31,7231,스피노자|니체|들뢰즈,노자,1,true,들뢰즈 노자
XK4MiMUpnxI,https://youtu.be/XK4MiMUpnxI,성철과 비트겐슈타인 : 깨달음이란 무엇인가?,5분 뚝딱 철학,UC59N4YTqBjs_xte25Fc2YPA,2020-08-31,168521,5268,592,13:04,784,비트겐슈타인|러셀,선불교|불교,2,false,비트겐슈타인 선불교
vcjwJUYi2F4,https://youtu.be/vcjwJUYi2F4,서양철학은 불교철학.  비트겐슈타인 철학은 중론 색즉시공. 20세기 최고의 천재 철학자가 결국 부처의 대답을 베껴 쓴 이유,신시,UCOle0BzK7NEWMG4Y_Nx1ZVg,2026-07-29,190,5,1,2:21,141,비트겐슈타인,부처|용수|보살|불교|색즉시공|공(空),1,true,비트겐슈타인 선불교
UY-qHWOQiBE,https://youtu.be/UY-qHWOQiBE,[동천 노자도덕경] 1장-3강. 노자와 비트겐슈타인의 진리인식과 언어문자관은? (원문수정同出而異名),고당(동천)의 생생적덕,UClZbNuTgcQcyvlaWfjOMMrg,2020-07-30,281,6,4,19:08,1148,비트겐슈타인,노자|도덕경|중용|대학|주역|유교,1,true,비트겐슈타인 선불교
3ei9dyurtp0,https://youtu.be/3ei9dyurtp0,"""'나'를 추적했더니 아무것도 없었습니다"" — 파파지가 말한 자유의 비밀",깨달음이 머무는 곳,UCAEF3mM5YQcP_o231fLRXmQ,2026-02-12,3275,164,9,25:42,1542,비트겐슈타인,베단타|선불교|화두|불교,1,false,비트겐슈타인 선불교
lZg0uVT6reY,https://youtu.be/lZg0uVT6reY,"((철학 그 어딘가))#shorts ""침묵의 철학: 말할 수 없는 것에 대하여""",매일듣는철학,UCxqU1STxFotu7gIIOBQHeIw,2026-01-22,1030,33,1,1:56,116,비트겐슈타인,노자|선불교|불교,1,false,비트겐슈타인 선불교
nq9lgDMaJ3k,https://youtu.be/nq9lgDMaJ3k,[5분 맛보기] 강신주 법회 : 매달린 절벽에서 손을 뗄 수 있는가?,김수기,UCGClrHXrANM0EDClPU0L80g,2014-08-16,5356,28,2,5:27,327,니체|사르트르,부처|선불교|화두|불교,2,false,비트겐슈타인 선불교
U9wMNW13WRo,https://youtu.be/U9wMNW13WRo,안규민 작가의 [무한화서 선공부] (2) 미래가 현재를 돕고 현재가 과거를 구한다,무한화서(無限花序),UCIADe56-WdyHcGntJVq53dQ,2025-11-10,137,6,1,9:03,543,비트겐슈타인,선불교|불교,1,false,비트겐슈타인 선불교
fHcp73F9XPI,https://youtu.be/fHcp73F9XPI,[양심 인문학] 동서양 철학의 두 가지 큰 흐름 이데아와 부동심 _241019,홍익학당,UCI8HW08rOSlvweOjJ9Gp2Ng,2024-12-03,3043,234,16,10:15,615,소크라테스|아퀴나스|칸트|헤겔|니체|비트겐슈타인,맹자|선불교|불교|카르마,4,false,비트겐슈타인 선불교
7Ch6QaYSvFE,https://youtu.be/7Ch6QaYSvFE,빔 벤더스 감독의 영화 '퍼펙트 데이즈' 관람 후기,말뚝이의 철학 모험,UCFNzBE30aXAYitU1hEQYaQQ,2025-09-29,8,0,0,0:53,53,하이데거|레비나스|비트겐슈타인,선불교|불교,2,false,비트겐슈타인 선불교
KdSEQt4At9M,https://youtu.be/KdSEQt4At9M,금화승 전언 352ㆍ1(광명장여래불),금화세계 시와 진리 사랑 나눔,UCdi6qE8UVdfG6t_lBNCsUxA,2026-06-13,8,0,0,3:23,203,프로이트|융|비트겐슈타인|데리다,선불교|불교,2,false,비트겐슈타인 선불교
KtehLyH-OLk,https://youtu.be/KtehLyH-OLk,[오디오] 인생처음 철학 공부! 철학 기본서의 바이블! 24명의 철학자와 23가지 철학 그리고 철학의 8가지 난제를 만나다,독서스텔라,UCHRPx5ckqPv8gax0AUM8INg,2024-01-06,443,24,1,2:22:36,8556,소크라테스|플라톤|아리스토텔레스|에피쿠로스|아퀴나스|데카르트|스피노자|라이프니츠|홉스|로크|흄|루소|칸트|헤겔|쇼펜하우어|니체|마르크스|프로이트|하이데거|사르트르|비트겐슈타인|러셀|실존주의,노자|장자|주자|선불교|불교|도가,6,false,비트겐슈타인 선불교
CcVXrwGpKVY,https://youtu.be/CcVXrwGpKVY,"공자와 소크라테스, 누가 더 뛰어난 철학자인가?(고전의 시작에서 바라 본 공자와 소크라테스)",일상의인문학,UCAm1JXQN3hGfBY3CxZiXDnQ,2021-01-01,80257,1939,58,38:17,2297,소크라테스|플라톤,공자|논어|유교,2,true,소크라테스 공자
liKdEHAtA-U,https://youtu.be/liKdEHAtA-U,공자 vs 소크라테스 완벽 비교! 인간관계·성찰·삶의 지혜 핵심 정리,지혜로걷는길,UC2ZLg7joL-9DstbZ_CpcfYA,2026-05-23,85,1,0,19:06,1146,소크라테스,공자,1,true,소크라테스 공자
rVILmB18_Js,https://youtu.be/rVILmB18_Js,"죽음의 길, 소크라테스 vs 공자맹자",철학의 사도,UCnLHG7VpX7fAHSARoyK-oVg,2023-09-15,10896,81,11,0:16,16,소크라테스|플라톤,공자|맹자|부처|논어,2,true,소크라테스 공자
oCg9ngYK4RY,https://youtu.be/oCg9ngYK4RY,"어떻게 살아야, 잘 사는 것인가? | 소크라테스, 아리스토텔레스, 에픽테토스, 세네카, 공자, 맹자. 6인의 철학자가 말한 진짜 삶의 기준 | 인생을 바꾸는 명언 | 오디오북",내게온철학,UCGrmHH5ior63L5c7GINkQLg,2025-07-22,85,2,1,12:46,766,소크라테스|플라톤|아리스토텔레스|세네카|에픽테토스,공자|맹자|논어,3,true,소크라테스 공자|아리스토텔레스 공자
fuRUAoQDnws,https://youtu.be/fuRUAoQDnws,부처 공자 소크라테스 만나도 내가 해주고싶은 말 #부처님 #공자 #소크라테스 #사후세계 #장경동목사 #화평방송,화평방송 HPBS,UCxLa-LEGMpAq3X407Z4H_5g,2023-08-09,2514,166,8,0:27,27,소크라테스,공자|부처,1,true,소크라테스 공자
J3vNWGx8zF0,https://youtu.be/J3vNWGx8zF0,"아인슈타인: 위대한 사람들의 운명 (feat. 소크라테스, 예수, 석가모니, 공자, 노자 .....)",지식클럽 S Quotes,UC2OKEeEYzn-kEJHWy3D-UUA,2022-11-27,11555,525,15,0:21,21,소크라테스,노자|공자|석가,1,true,소크라테스 공자
7jezd_vW62g,https://youtu.be/7jezd_vW62g,공자가 2500년 전에 경고한 무지의 착각 #공자 #소크라테스 #명언 #철학 #동기부여,작은깊이,UC99JcPsxO1VX1f7bK0GDh6Q,2025-09-15,17564,506,5,0:38,38,소크라테스,공자,1,true,소크라테스 공자
JpWoA1u27v4,https://youtu.be/JpWoA1u27v4,인복 터지는 말과 행동의 비밀 5가지/소크라테스/공자/세네카/명언/삶의지혜/오디오북,매일철학명언,UC5EUlVBWk2cVvx6aVsK7Qvg,2025-12-30,264,3,0,17:13,1033,소크라테스|플라톤|아리스토텔레스|세네카|쇼펜하우어|니체,노자|공자|맹자|순자|정약용|석가|부처|도덕경,6,true,소크라테스 공자
bVOgnLPMOmg,https://youtu.be/bVOgnLPMOmg,말없이 진짜 강한 사람의 7가지 특징/공자/소크라테스/부처님/명언/오디오북/정약용/철학명언/공자/삶의지혜/인간관계,매일철학명언,UC5EUlVBWk2cVvx6aVsK7Qvg,2025-12-22,337,4,0,23:10,1390,소크라테스|플라톤|아리스토텔레스|쇼펜하우어|니체,노자|공자|맹자|순자|정약용|석가|부처|도덕경,5,true,소크라테스 공자
dACOnnSxmPQ,https://youtu.be/dACOnnSxmPQ,"부처,공자,예수,소크라테스..한줄로만 요약하면..? #부처님 #예수님 #공자 #소크라테스",인싸77,UCQbKmIhhQknbuXQhTqN8uiw,2025-08-12,697,8,3,0:15,15,소크라테스,공자|부처,1,true,소크라테스 공자
MmL40Pi_osY,https://youtu.be/MmL40Pi_osY,인류의 위대한 스승 4인이 남긴 인생 명언 #shorts,라이프홈 ,UCM8BmsdqBEwyXdEOj0U0eQQ,2026-08-25,133268,306,2,0:06,6,소크라테스,공자|부처,1,false,소크라테스 공자
UHPzdQs2_sU,https://youtu.be/UHPzdQs2_sU,질문의 힘/소크라테스/공자/아인슈타인,광장人,UCldUevJXozIqwmqyIZKyhrQ,2023-01-20,2274,54,0,0:53,53,소크라테스,공자,1,true,소크라테스 공자
9hi5e9w5ZjU,https://youtu.be/9hi5e9w5ZjU,소크라테스와 공자 차이,나를 배우는 시간,UCaFx_Fe26vwji7gX8bFL9bg,2025-10-21,1566,30,1,1:06,66,소크라테스,공자,1,true,소크라테스 공자
UTHYpCO7-F4,https://youtu.be/UTHYpCO7-F4,위대한 철학자들이 전한 노년의 자유와 지혜의 선물 1편｜공자·아리스토텔레스·세네카·소크라테스  #인생조언 #명언모음 #좋은글,말이 약이 될 때,UCaDM66J9KxM9qsg2ap2v27Q,2025-09-06,981,27,0,1:45,105,소크라테스|아리스토텔레스|세네카,공자,1,true,소크라테스 공자|아리스토텔레스 공자
9do3s0a6gug,https://youtu.be/9do3s0a6gug,즐기는 사람이 결국 이긴다! | 공자 & 소크라테스의 인생 철학,투어엔젤스 USA 보식 TV,UCkJSoCiXaBie4wA1EaQoBxQ,2025-02-22,227,8,2,4:38,278,소크라테스,공자|논어,1,true,소크라테스 공자
YU4TUYA1LTw,https://youtu.be/YU4TUYA1LTw,"[크로버] 제1강. 소크라테스 vs 공자 - 시대와 삶 (강의 : 신근영, 문성환 | 사회 : 고미숙)",배울지니 유쾌할지니,UCOc8SpM2PUsGxeQYKUkHUKg,2023-04-13,6136,266,18,1:20:05,4805,소크라테스,공자|주역,1,true,소크라테스 공자
lIDX8l9cre0,https://youtu.be/lIDX8l9cre0,고대인은 어떻게 자기계발을 했을까?   #철학자#세네카#소크라테스#공자#자기계발#자기성찰,글로벌 타임머신,UC5UsBYSIgpTzS2cBH4f8lTg,2025-02-22,366,10,0,1:17,77,소크라테스|세네카,공자,1,true,소크라테스 공자
mxfLns4odyQ,https://youtu.be/mxfLns4odyQ,"고전 공자,소크라테스, 맹자, 노자의 MBTI 흥미로운분석 #공자, #맹자, #노자 ,#소크라테스, #공자분석, #일상, #재미 ,#흥미,",나나,UCGdCTIJWohOTRGXiwjVpiEw,2026-04-26,18,2,0,3:04,184,소크라테스,노자|공자|맹자,1,true,소크라테스 공자
xrnPO2Vak5U,https://youtu.be/xrnPO2Vak5U,현명한 사람은 이렇게 손절한다#좋은글귀 #명언 #공감글귀 #좋은말 #철학#지혜#쇼펜하우어 #니체 #공자#소크라테스#명상,명상철학,UCRLMUxU_K4ArDjjUSvkRjAw,2025-06-22,5033,107,1,0:44,44,소크라테스|쇼펜하우어|니체,공자,1,true,소크라테스 공자
raIxwU4jTIU,https://youtu.be/raIxwU4jTIU,4대성인이 맞짱을 뜬다면?part1. #4대성인 #예수 #석가모니 #공자 #소크라테스 #맞짱,망상교실,UCmloWpPzWzyFUeqonchIzMw,2024-02-13,358,1,0,1:01,61,소크라테스,공자|석가,1,true,소크라테스 공자
VDCb3prEN2A,https://youtu.be/VDCb3prEN2A,"[크로버] 제3강. 대화의 달인 소크라테스 vs 공부의 달인 공자  (강의 : 신근영, 문성환 | 사회 : 고미숙)",배울지니 유쾌할지니,UCOc8SpM2PUsGxeQYKUkHUKg,2023-05-11,3662,134,6,1:13:51,4431,소크라테스,공자|주역,1,true,소크라테스 공자
t8B3fnJRsN4,https://youtu.be/t8B3fnJRsN4,"공자, 소크라테스 성인 교육철학",차트남,UCJyaP7nUxfzFaeXBx87NDBQ,2020-03-18,44,3,1,5:18,318,소크라테스,공자,1,true,소크라테스 공자
Opp6_pDuVKE,https://youtu.be/Opp6_pDuVKE,말한마디가 운명을 바꾼다｜공자·노자·소크라테스가 남긴 말의 힘”/(시니어를 위한 잠들기 전 듣는 고전 명언),마음에 닿는 말,UCvyRuckWH2ZL54dgPvQZsGw,2025-06-11,221,7,0,10:30:23,37823,소크라테스|에픽테토스,노자|장자|공자,2,true,소크라테스 공자
FvUsKFcJyR8,https://youtu.be/FvUsKFcJyR8,"예수, 부처, 소크라테스, 공자 공통점",uphotopia,UCQgy4yudUnoAmV0SV18l3uA,2025-05-27,54,0,1,1:00,60,소크라테스,공자|부처,1,true,소크라테스 공자
dKTP1g1Q2KE,https://youtu.be/dKTP1g1Q2KE,소크라테스 vs. 공자 | 앎이란 무엇인가?,초월담록,UC8w3lbmSK4FZUq1Gi7N088w,2025-09-27,228,6,2,13:36,816,소크라테스,공자|논어,1,true,소크라테스 공자
sx2SBTS0pdw,https://youtu.be/sx2SBTS0pdw,진정한 우정 명언 ㅣ공자 ㅣ소크라테스ㅣ 논어 ㅣ친구 지혜ㅣ인생조언ㅣ인생철학 ㅣ 삶의지혜ㅣ명언ㅣ오디오북ㅣ인간관계ㅣ,행복찾기,UCfrS2NPsnPnNxnQeEkmZ9EQ,2023-08-13,224,5,0,5:50,350,소크라테스,공자|논어,1,true,소크라테스 공자
L451k84ugEE,https://youtu.be/L451k84ugEE,세기의 논쟁! 소크라테스 VS 공자 좌담회 본편,보오북 - 보이는 오디오북,UCilJVLOhKfA9nWIjQ14aaKw,2026-07-31,9,1,0,7:08,428,소크라테스|플라톤,공자,1,true,소크라테스 공자
eJnSUU60dOw,https://youtu.be/eJnSUU60dOw,"맨발의 소크라테스 vs 밥상 까다로운 공자, 2,500년 전 건강 비밀","오늘밤,옛날",UCyNaacn37iuGGfudG0vFnNw,2026-04-02,35,3,1,37:50,2270,소크라테스|플라톤,공자|논어,2,true,소크라테스 공자
E8Ed59TVKOk,https://youtu.be/E8Ed59TVKOk,소크라테스와 공자,나를 배우는 시간,UCaFx_Fe26vwji7gX8bFL9bg,2025-10-21,394,5,0,0:49,49,소크라테스,공자,1,true,소크라테스 공자
VPXlgvcjx98,https://youtu.be/VPXlgvcjx98,8강. 공자와 소크라테스의 공통점(1),전태일인문학교실,UCdpOXm4_O-dCP0Ym__Y9KaA,2020-10-11,147,0,0,49:36,2976,소크라테스,공자,1,true,소크라테스 공자
mm-SG6BoaMA,https://youtu.be/mm-SG6BoaMA,석가(불교) 공자(유교) 소크라테스(철학) 왜 길이 아닌가?,J12 TV,UCWwd71sXIcEUOJcWtVM9a9A,2026-04-28,111,17,0,7:04,424,소크라테스,공자|석가|불교|유교,1,true,소크라테스 공자
350aoYwDM5U,https://youtu.be/350aoYwDM5U,교대면접 ㅡ 소크라테스와 공자는 만나지 못했음에도 어떻게 통했을까?,"교대, 사대 면접 전문 KC 에듀",UCMjCN92rifHknv9f7hP28LA,2021-03-08,65,6,2,3:46,226,소크라테스,공자|논어|대학,1,true,소크라테스 공자
Id1mYoGUSzM,https://youtu.be/Id1mYoGUSzM,소크라테스 공자 예수 석가는 왜 4대 성인인가?,삼성테크노글라스TV,UCPjh4cjI36CiC2aJvvjVmPw,2023-08-02,64,1,0,9:26,566,소크라테스,공자|석가,1,true,소크라테스 공자
51tTdft_TZw,https://youtu.be/51tTdft_TZw,“말 한마디가 운명을 바꾼다｜공자·노자·소크라테스가 남긴 말의 힘”/잠들기전 들어야할 명상 명언 자연의 소리 asmr 포함,마음에 닿는 말,UCvyRuckWH2ZL54dgPvQZsGw,2025-05-05,2181,52,0,49:50,2990,소크라테스|에픽테토스,노자|장자|공자,2,true,소크라테스 공자
VR1SuyeKgEI,https://youtu.be/VR1SuyeKgEI,소크라테스·공자·석가모니가 죽기 전에 남긴 인생 명언,지혜로걷는길,UC2ZLg7joL-9DstbZ_CpcfYA,2026-06-11,19,1,0,20:26,1226,소크라테스|에픽테토스|스토아,공자|석가,2,true,소크라테스 공자
LjMV6Fzsg_o,https://youtu.be/LjMV6Fzsg_o,명언낭독 - 윈스턴처칠 노자 소크라테스 공자 스피노자 토마스풀러 니체 히포크라테스,Mix&Mix 믹스앤믹스,UCRp9bqfXM53BSsSyDYcscaw,2022-02-19,0,0,0,20:35,1235,소크라테스|스피노자|니체,노자|공자,2,true,소크라테스 공자
8tuVPurgiKM,https://youtu.be/8tuVPurgiKM,"[크로버] 제4강. 소크라테스  vs 공자 - 죽음이란 무엇인가? (강의 : 신근영, 문성환 | 사회 : 고미숙)",배울지니 유쾌할지니,UCOc8SpM2PUsGxeQYKUkHUKg,2023-05-18,3463,116,6,41:15,2475,소크라테스,공자|주역,1,true,소크라테스 공자
kV_H_3WoR2Y,https://youtu.be/kV_H_3WoR2Y,역대 가장 지능이 높았던 철학자들의 명언 #철학 #명언 #지능 #니체 #소크라테스 #공자 #세네카 #쇼펜하우어 #발로란트 #기도 #삶 #지혜 #사람 #인생 #조언 #심리 #성공,말한조각,UCiFVK9aov4bwJQPOnxRP83w,2025-08-23,392463,1992,23,0:11,11,소크라테스|세네카|쇼펜하우어|니체,공자,1,true,소크라테스 공자
nvygwqkGuGc,https://youtu.be/nvygwqkGuGc,"4대 성인이 말하는 행복 한마디(소크라테스, 석가모니, 공자, 예수)",myrubatotree,UC0npBTo5bCr8CqaSoSzPFVA,2024-07-28,193,5,0,0:40,40,소크라테스,공자|석가,1,true,소크라테스 공자
rzrnNfIOQIg,https://youtu.be/rzrnNfIOQIg,진정한 우정 명언 ㅣ공자 ㅣ소크라테스ㅣ 논어 ㅣ친구 지혜ㅣ인생조언ㅣ인생철학 ㅣ 삶의지혜ㅣ명언ㅣ오디오북ㅣ인간관계ㅣ#shorts  #좋은글 #명언 #인생조언,행복찾기,UCfrS2NPsnPnNxnQeEkmZ9EQ,2023-08-14,303,8,0,0:48,48,소크라테스,공자|논어,1,true,소크라테스 공자
a7Mj6wr0w1w,https://youtu.be/a7Mj6wr0w1w,4대 성인의 인생 지혜 4가지 | 부처·공자·예수·소크라테스가 말한 진짜 삶의 답ㅣ삶의의미ㅣ삶의지혜ㅣ부처님의지혜ㅣ공자ㅣ예수ㅣ소크라테스ㅣ인생이야기ㅣ인생명언ㅣ공감이야기,인생명언공감📚,UCEbt91pJZpTkf5jjzjSFQsw,2026-04-17,124,4,3,21:54,1314,소크라테스,공자|부처|논어|화두,1,true,소크라테스 공자
nhRjy86n3cU,https://youtu.be/nhRjy86n3cU,모르면 인생 망하는 3가지  #인생명언 #소크라테스 #니체 #니체의말 #니체명언 #공자 #공자명언 #삶의지혜 #철학명언 #모르면손해 #지혜로운삶,철학한스푼,UCS-XMqjcaYCtqeVrIr5MAaQ,2025-08-28,35,3,0,0:55,55,소크라테스|니체,공자,1,true,소크라테스 공자
LEJe5mh1HNQ,https://youtu.be/LEJe5mh1HNQ,4대성인 말씀 쉽게 설명 ㅋㅋㅋㅋ   #공자 #예수님 #부처님 #소크라테스,한입에세이,UCY4KBzU35UciYW-tmRbjlxA,2025-07-25,465,7,0,0:48,48,소크라테스,공자|부처,1,true,소크라테스 공자
tKg08TwuQhw,https://youtu.be/tKg08TwuQhw,『배움의 공자와 물음의 소크라테스』 이응구 ｜ 작가 인터뷰,빈빈책방,UCqtmqhrXypRwOHir2VSRluw,2021-01-08,119,8,0,9:13,553,소크라테스,공자,1,true,소크라테스 공자
WbOl65P-znA,https://youtu.be/WbOl65P-znA,"내가 이렇게 무시 당해야하나?  | 공자,소크라테스,예수도 무시와 조롱당했다",밤에 듣는 인문학,UCbKW9EXT9PFsEqW85AXIzaA,2026-05-08,80,1,0,9:25,565,소크라테스,공자,1,true,소크라테스 공자
EVYJYms7cJ8,https://youtu.be/EVYJYms7cJ8,"여섯명의 철학자들이 말하는 인간관계 처세술 소크라테스, 공자, 에픽테토스, 쇼펜하우어, 니체, 몽테뉴",명언소리,UC4d1UU2fX7oKaooihd7uH9A,2026-01-20,266,9,4,21:57,1317,소크라테스|에픽테토스|쇼펜하우어|니체,공자,1,true,소크라테스 공자
2zQSjgngi9s,https://youtu.be/2zQSjgngi9s,공자 vs 소크라테스! 누가 더 위대한 철학자인가? 핵심 비교 정리,지혜로걷는길,UC2ZLg7joL-9DstbZ_CpcfYA,2026-05-19,629,12,0,1:33,93,소크라테스,공자,1,true,소크라테스 공자
r0tFAWXROCI,https://youtu.be/r0tFAWXROCI,명언 낭독 - 토마스풀러 빌 게이츠 노자 아리스토텔레스 공자 스피노자 기타 등등,ABCD 65,UCNmvpwbT728g0DOBWsNHF_w,2022-02-20,4,0,0,20:35,1235,아리스토텔레스|스피노자,노자|공자,2,true,아리스토텔레스 공자
AG5-E8D3auA,https://youtu.be/AG5-E8D3auA,내 인생 최고의 철학 “중용” (진짜 중요ㅇ),너진똑 NJT BOOK,UCA4ZUofyfHIk-qXlAQQV5Hg,2024-06-29,678110,14915,766,16:37,997,융|하이데거|롤스,공자|왕양명|퇴계|율곡|정약용|논어|중용|유교,3,false,아리스토텔레스 공자|서양철학 동양철학 비교|동서양 철학 비교
xxqkbdGDEwg,https://youtu.be/xxqkbdGDEwg,삶을 선명하게 만드는 7가지 깨달음,지혜의무게,UC14TsUO86q_MBnhOTWiXh3A,2025-08-30,7962,45,1,0:06,6,아리스토텔레스|세네카|에픽테토스,노자|공자|부처,3,false,아리스토텔레스 공자
muVdf8WiF0E,https://youtu.be/muVdf8WiF0E,공자 아리스토텔레스 쇼펜하우어 철학으로 바라보는 복을 끌어당기는 사람들의 행동과 말. 복은 태도의 결과다,명언소리,UC4d1UU2fX7oKaooihd7uH9A,2026-02-15,47,3,0,15:15,915,아리스토텔레스|쇼펜하우어,공자,1,true,아리스토텔레스 공자
KfshK7dpo1Q,https://youtu.be/KfshK7dpo1Q,"닫힌 마음은 기회조차 지나간다ㅣ명심보감, 공자, 노자, 소크라테스, 아리스토텔레스, 괴테의 인생 명언ㅣ운을 얻으려면 마음을 열어라",명언모음,UCu7cbwEfcBWjAfRi66ilJuA,2025-04-29,9403,258,12,1:14:39,4479,소크라테스|아리스토텔레스,노자|공자,2,true,아리스토텔레스 공자
iRoBs-0jX2o,https://youtu.be/iRoBs-0jX2o,인류 역사상 최고의 진리,너진똑 NJT BOOK,UCA4ZUofyfHIk-qXlAQQV5Hg,2021-10-10,858649,17192,768,7:53,473,아리스토텔레스,공자|중용,1,false,아리스토텔레스 공자
zKG4RR9m7l0,https://youtu.be/zKG4RR9m7l0,공자 VS 아리스토텔레스,잘사는플라톤,UCle8iFQp_XdQ7xl2qkpzG4Q,2023-11-17,2650,21,1,0:40,40,아리스토텔레스,공자,1,true,아리스토텔레스 공자
xLNGAiMWAzI,https://youtu.be/xLNGAiMWAzI,"아리스토텔레스의인생명언모음/습관이 차이를 만든다#인생조언,#가르침,#깨달음,#지혜,#명상,#오디오북,#노자,#묵자,#순자,#공자,#쇼펜하우어,#석가모니,#인생명언,#에픽테토스",나를 깨우는 목소리,UCwVhjAVNzM7bAe8Ij3O3buA,2024-03-15,272,19,0,2:06,126,소크라테스|플라톤|아리스토텔레스|에픽테토스|쇼펜하우어|니체|프로이트,노자|장자|공자|맹자|순자|묵자|정약용|석가|불교,7,true,아리스토텔레스 공자
z13n-P6fUI4,https://youtu.be/z13n-P6fUI4,성장환경이 인생을 좌우하는 이유 | 탈무드 | 공자 | 아리스토텔레스 | 법정 | 오프라윈프리 | 인생을 바꾸는 명언,생각공감,UCEQntfrwmnkGm4oGzqrS4Ww,2026-02-10,58,2,0,10:46,646,아리스토텔레스,공자,1,true,아리스토텔레스 공자
-UhcvgkLo3I,https://youtu.be/-UhcvgkLo3I,관계를 다시 돌아보게 만드는 5가지 명언 | 인생명언 인생조언 인간관계,말이 약이 될 때,UCaDM66J9KxM9qsg2ap2v27Q,2025-06-01,1014,10,0,1:27,87,아리스토텔레스|루소,장자|공자,2,false,아리스토텔레스 공자
Veao_M5qIA0,https://youtu.be/Veao_M5qIA0,똑똑한 사람이 인간관계 실패하는 진짜 이유,고요한말씨앗,UCALkUC4IlummWYOYL8phnQQ,2025-07-13,1700,33,0,0:57,57,소크라테스|플라톤|아리스토텔레스|쇼펜하우어|니체,공자,1,false,아리스토텔레스 공자
ZCk6rGBGpus,https://youtu.be/ZCk6rGBGpus,50대 이후 이것만 알아도 삶이 달라진다~#소크라테스#아리스토텔레스#공자#세네카#에픽테토스#칸트#니체,지혜 보관소,UCMTjfaVp4U3QkdswXbCaELw,2023-02-14,37,1,0,5:16,316,소크라테스|아리스토텔레스|세네카|에픽테토스|칸트|니체,공자,1,true,아리스토텔레스 공자
tx7x8_VKXc8,https://youtu.be/tx7x8_VKXc8,"""손절해야 할 사람 특징 3가지: 공자와 아리스토텔레스가 말하는 후회 없는 인간관계 정리법""",지혜의숲과나무,UCnD86jSUbdNP4MoNWsjKW_Q,2026-04-26,140,8,0,2:34,154,아리스토텔레스|세네카,공자|요가,2,true,아리스토텔레스 공자
k8lNpVX_dvI,https://youtu.be/k8lNpVX_dvI,"아리스토텔레스의인생명언모음/행동은 곧 나 자신이 된다#인생조언,#가르침,#깨달음,#지혜,#명상,#오디오북,#노자,#묵자,#순자,#공자,#쇼펜하우어,#석가모니,#인생명언,#에픽테토스",나를 깨우는 목소리,UCwVhjAVNzM7bAe8Ij3O3buA,2024-03-14,623,18,2,3:19,199,소크라테스|플라톤|아리스토텔레스|에픽테토스|쇼펜하우어|니체|프로이트,노자|장자|공자|맹자|순자|묵자|정약용|석가|불교,7,true,아리스토텔레스 공자
RB9OycvvNnQ,https://youtu.be/RB9OycvvNnQ,"[나를 일으키는 6명의 삶에 대한 명언] 아리스토텔레스, 공자, 석가모니, 예수, 소크라테스, 쇼펜하우어",나성댁 TV,UCj8z_LOmtBB1lAQiWzvtxXA,2023-10-24,186,3,0,1:50,110,소크라테스|아리스토텔레스|쇼펜하우어,공자|석가,2,true,아리스토텔레스 공자
bKQMcpVpT44,https://youtu.be/bKQMcpVpT44,축의 시대 인간은 왜 갑자기 똑똑해졌나 (공자·붓다·소크라테스·플라톤·아리스토텔레스),사피엔스히스토리,UCyw8MVwOaUbW8ensTg4tWrQ,2026-01-13,1796,49,7,45:20,2720,소크라테스|플라톤|아리스토텔레스,노자|공자|묵자|붓다|우파니샤드,3,true,아리스토텔레스 공자
kzvnJydFqqo,https://youtu.be/kzvnJydFqqo,인복이 따라붙는 5가지 행동 공자 아리스토텔레스 윌리엄제임스 에픽테토스 니체의 명언,명언소리,UC4d1UU2fX7oKaooihd7uH9A,2026-02-10,26,0,0,16:32,992,아리스토텔레스|에픽테토스|니체,공자,1,true,아리스토텔레스 공자
6jVmHC25P-4,https://youtu.be/6jVmHC25P-4,"인생 바꾸는 사람들의 공통점(ft. 아리스토텔레스, 공자)",인사이트 쉘터 (Insight Shelter),UCPdSF2YsqnP9WUAWBXeEAoQ,2026-03-01,2311,52,3,1:00,60,아리스토텔레스,공자,1,true,아리스토텔레스 공자
SRzr--RHrts,https://youtu.be/SRzr--RHrts,"#아리스토텔레스의인생명언모음,#성격은행위의결과물이다,,#인생조언,#가르침,#깨달음,#지혜,#명상,#오디오북,#노자,#묵자,#공자,#쇼펜하우어,#석가모니,#인생명언,#에픽테토스,",나를 깨우는 목소리,UCwVhjAVNzM7bAe8Ij3O3buA,2024-04-06,454,10,0,0:56,56,소크라테스|플라톤|아리스토텔레스|에픽테토스|쇼펜하우어|니체|프로이트,노자|장자|공자|맹자|순자|묵자|정약용|석가|불교,7,true,아리스토텔레스 공자
qKKrFs9ECas,https://youtu.be/qKKrFs9ECas,(Part 1/4) 지혜란 무엇인가? 공자·아리스토텔레스·세네카의 끝장 토론,Logarete - 시대를 초월한 심포지엄,UCI3u3EkTQ416Nct15G0HJ6w,2026-07-31,69,4,1,47:28,2848,아리스토텔레스|세네카,공자|중용,2,true,아리스토텔레스 공자
6a2y_qaj4yk,https://youtu.be/6a2y_qaj4yk,'가족'이라는 숙제를 푸는 10가지 지혜ㅣ공자ㅣ파스칼ㅣ아리스토텔레스ㅣ탈무드ㅣ철학자ㅣ인생명언ㅣ가족갈등ㅣ인간관계ㅣ마음공부,현자의 뜰,UCt7djOwREgX7wIf0_W7E6PQ,2025-06-28,1816,14,0,1:05,65,아리스토텔레스,공자,1,true,아리스토텔레스 공자
J4JVBssC-sk,https://youtu.be/J4JVBssC-sk,"#아리스토텔레스의인생명언모음,#현명한자는적에게서도배운다,#인생조언,#가르침,#깨달음,#지혜,#명상,#오디오북,#노자,#묵자,#공자,#쇼펜하우어,#석가모니,#인생명언,#에픽테토스,",나를 깨우는 목소리,UCwVhjAVNzM7bAe8Ij3O3buA,2024-04-08,644,13,0,0:40,40,소크라테스|플라톤|아리스토텔레스|에픽테토스|쇼펜하우어|니체|프로이트,노자|장자|공자|맹자|순자|묵자|정약용|석가|불교,7,true,아리스토텔레스 공자
-9O7fVHFCbE,https://youtu.be/-9O7fVHFCbE,아리스토텔레스가 말하는 친구,1분 철학,UCFOT8VDQHRI0ylriU-cQ3Rg,2025-08-24,1190,1,0,0:51,51,아리스토텔레스,공자|맹자|논어,1,false,아리스토텔레스 공자
koPCst5gDqk,https://youtu.be/koPCst5gDqk,"마음의 풍요가 물질의 풍요를 부른다 | 동서양 지혜의 만남 | 명언모음 | 공자, 간디, 아리스토텔레스",밀리언마인드 A million mind,UCHffT4dVZeihTTzuGU9F3ww,2025-04-01,955,45,5,1:05:49,3949,아리스토텔레스,공자|요가,1,true,아리스토텔레스 공자
ua48ur0EiiI,https://youtu.be/ua48ur0EiiI,인생에 지혜가 되어주는 주옥 같은 명언 6가지,어바웃 라이프,UCJfZbxDFsIDl2vWMXeBMlPg,2023-11-05,4169,85,2,0:50,50,아리스토텔레스,공자,1,false,아리스토텔레스 공자
Ky61D6BObhs,https://youtu.be/Ky61D6BObhs,전세계 사람들이 공감할 만한 철학자들의 명언,도파민 폭탄 제작소,UCErvni6ywStFZ5TDlAWXYeQ,2024-07-17,97,3,0,0:47,47,소크라테스|플라톤|아리스토텔레스|에픽테토스|데카르트,노자|공자,2,false,아리스토텔레스 공자
51m9AnbRBjU,https://youtu.be/51m9AnbRBjU,"#아리스토텔레스의인생명언모음,#꿈을잃지말자,#인생조언,#가르침,#깨달음,#지혜,#명상,#오디오북,#노자,#묵자,#공자,#쇼펜하우어,#석가모니,#인생명언,#에픽테토스,",나를 깨우는 목소리,UCwVhjAVNzM7bAe8Ij3O3buA,2024-04-07,88,9,0,0:35,35,소크라테스|플라톤|아리스토텔레스|에픽테토스|쇼펜하우어|니체|프로이트,노자|장자|공자|맹자|순자|묵자|정약용|석가|불교,7,true,아리스토텔레스 공자
iLyQMhmdUYw,https://youtu.be/iLyQMhmdUYw,인간관계 / 적당한 거리/ 경계 #인간관계  #명언  #공자 #아리스토텔레스,부드러운 직선,UCAcGxxXgGalCp1-0FaCQg6g,2024-05-19,252,0,0,0:53,53,아리스토텔레스,공자,1,true,아리스토텔레스 공자
Xor6Oz-oDMk,https://youtu.be/Xor6Oz-oDMk,잠자기전에 들으면 즉시잠듬 명언 낭독 - 아리스토텔레스 공자 스피노자 헬렌켈러 세네카 빌 게이츠 노자 등 등,ABC65,UChyqkH-aT4cCPkx8DFLjrnQ,2022-02-03,5,0,0,48:35,2915,아리스토텔레스|세네카|스피노자,노자|공자,2,true,아리스토텔레스 공자
Xfh-bISsnkg,https://youtu.be/Xfh-bISsnkg,아리스토텔레스의 인생조언ㅣ #긍정의말 #명언 #공자 #오디오북 #삶의지혜 #공감글귀 #긍정적마인드 #멋진글귀 #인생명언 #좋은글,sleep music,UCcoEUt_QMojAYNIBw5-UFSQ,2025-06-02,199,2,0,1:02,62,아리스토텔레스,공자,1,true,아리스토텔레스 공자
50no4gz15NE,https://youtu.be/50no4gz15NE,"12강 덕윤리(1) 아리스토텔레스 / 생활과윤리, 현대사회와윤리",알밤T,UCN_t3uDaR9gx1nvYij2J-6Q,2026-04-04,600,8,1,24:29,1469,소크라테스|플라톤|아리스토텔레스|스피노자|롤스,노자|공자|맹자|순자|석가|불교|도가,5,false,아리스토텔레스 공자
jSJVN5I4EgM,https://youtu.be/jSJVN5I4EgM,아리스토텔레스 명언 TOP5  | 철학 | 삶의지혜 | 명언숏츠 | 마음치유 | 자기성찰,사유의 온도,UCm3Uwo7xh26QD0lRuyFqFqA,2025-10-29,1053,12,0,0:40,40,소크라테스|플라톤|아리스토텔레스|쇼펜하우어|니체,노자|장자|공자|도가,4,false,아리스토텔레스 공자
233StF1R3mY,https://youtu.be/233StF1R3mY,역사를 바꾼 위대한 스승! 한 사람의 가르침이 만든 기적!!,위대한 역사 여행,UCVn2290Gxu4lC5JznFL6_pA,2025-02-21,709,14,0,0:49,49,소크라테스|아리스토텔레스,공자,1,false,아리스토텔레스 공자
pXC-dtBlQKM,https://youtu.be/pXC-dtBlQKM,중용의 지혜: 공자의 균형 잡힌 삶,짧은지혜,UCS5UzXnewAelAOglUyyWE5Q,2025-05-03,65,1,0,0:31,31,아리스토텔레스,공자|중용|유교,1,false,아리스토텔레스 공자
6GM-hZX6xPU,https://youtu.be/6GM-hZX6xPU,(Part 2/4) 지혜란 무엇인가? 공자·아리스토텔레스·세네카의 끝장 토론,Logarete - 시대를 초월한 심포지엄,UCI3u3EkTQ416Nct15G0HJ6w,2026-07-31,164,5,1,58:49,3529,아리스토텔레스|세네카,공자|중용,2,true,아리스토텔레스 공자
DYc2rTCQhW4,https://youtu.be/DYc2rTCQhW4,깊이 새겨야 할 아리스토텔레스 명언 7선 #명언 #아리스토텔레스 #shorts,Best Quotes,UCiONwrOvJ9NCdShCYXYa5_w,2023-02-25,203,3,0,0:46,46,아리스토텔레스|칸트|헤겔|니체,공자,1,false,아리스토텔레스 공자
nItX2t-tuxA,https://youtu.be/nItX2t-tuxA,"실존주의 그리고 불교에 대하여 _ 자신을 만들어가는 길, 자신을 비워내는 길",광명공덕원,UCUxDLJlRXwYyfw0AnYro8qA,2026-01-15,102,8,2,2:20,140,하이데거|실존주의,불교,1,true,실존주의 불교
AFXT8FCXdtQ,https://youtu.be/AFXT8FCXdtQ,우리가 아는 붓다가 실존하지 않았을 거라는 의심 f.강성용 서울대학교 남아시아센터장 [더 릴리전],삼프로TV 3PROTV,UChlv4GSd7OQl3js-jkLOnFA,2024-08-16,1281465,18792,1103,43:01,2581,융,붓다|대학|불교,1,false,실존주의 불교
_I1wMMP1c2k,https://youtu.be/_I1wMMP1c2k,붓다의 존재론과 불교의 경전 : 열반은 왜 단멸론이 아닌가?,지혜의 빛 : 인문학의 숲,UCS_8v3yJnRahqwFvxoEIupg,2025-09-12,38778,1237,155,26:21,1581,사르트르,붓다|불교|윤회,1,false,실존주의 불교
EcQGoXyztws,https://youtu.be/EcQGoXyztws,[몰아보기] 불교의 정수를 알아보는 시간 [더 릴리전 불교] f.강성용 서울대학교 남아시아센터장,삼프로TV 3PROTV,UChlv4GSd7OQl3js-jkLOnFA,2024-11-23,856974,11755,542,4:18:31,15511,융,대학|불교,1,false,실존주의 불교
TnZefi_Aj38,https://youtu.be/TnZefi_Aj38,사르트르 | 실존주의란 무엇인가?,에피파니숲  | 과학·철학 산책,UCjTMvF2Gfi6BIsT9VEe1pNA,2025-10-26,4561,60,1,0:35,35,사르트르|실존주의,불교,1,false,실존주의 불교
lWvvLom_vDE,https://youtu.be/lWvvLom_vDE,실존철학자 하이데거. 서양 철학의 실패는 존재를 존재자로 보았던 것이다.,무진스님의 무궁무진,UCYj0Ob9WK9cLDuK7V9ZdaPg,2023-01-14,7126,130,13,0:36,36,하이데거,불교,1,false,실존주의 불교
XHLbb_M3iQA,https://youtu.be/XHLbb_M3iQA,[양덕LIVE] 241219 자등명 법등명의 의미/학당은 실존주의의 끝판왕_종교·철학 관련 Q&A_38회,홍익학당,UCI8HW08rOSlvweOjJ9Gp2Ng,2024-12-19,3225,250,11,1:09:13,4153,실존주의,불교,1,false,실존주의 불교
H3lUl2So1XY,https://youtu.be/H3lUl2So1XY,무(無)와 실존주의: 동양과 서양 철학이 만난 놀라운 공통점,재미난 철학이야기,UCta8QCz1H3McQtbmPuSubUw,2025-10-17,413,2,0,3:38,218,니체|융|사르트르|실존주의,불교|공(空),2,false,실존주의 불교
ju5qdYzzcKY,https://youtu.be/ju5qdYzzcKY,[환국문명학술원259](3)실존주의는 보살 사상이다.종교 믿음은 관계성을 설명하지 못한다. 인간만이 존엄과 인간관계를 구체적으로 알 수 있다.이는 '인간은 무엇인가'의 질문이다?,환국문명학술원 ,UCA8W_MntT_nXKBEQS9hwAYA,2023-02-06,25,0,0,17:27,1047,실존주의,보살|불교,1,true,실존주의 불교
ng0Rr6c4L3Q,https://youtu.be/ng0Rr6c4L3Q,[환국문명학술원261](5)실존주의는 보살 사상이다.종교 믿음은 관계성을 설명하지 못한다. 인간만이 존엄과 인간관계를 구체적으로 알 수 있다.이는 '인간은 무엇인가'의 질문이다?,환국문명학술원 ,UCA8W_MntT_nXKBEQS9hwAYA,2023-02-08,29,0,0,22:44,1364,실존주의,보살|불교,1,true,실존주의 불교
LtB4qNqeTzM,https://youtu.be/LtB4qNqeTzM,"실존주의, 세계의 붕괴",I AM THAT ch.,UCT-fJJM_s0kzLBI95wSbyew,2024-02-05,337,18,2,6:13,373,실존주의,불교|연기법,1,false,실존주의 불교
HiJn7w_pE4c,https://youtu.be/HiJn7w_pE4c,[환국문명학술원260](4)실존주의는 보살 사상이다.종교 믿음은 관계성을 설명하지 못한다. 인간만이 존엄과 인간관계를 구체적으로 알 수 있다.이는 '인간은 무엇인가'의 질문이다?,환국문명학술원 ,UCA8W_MntT_nXKBEQS9hwAYA,2023-02-07,29,1,0,14:09,849,실존주의,보살|불교,1,true,실존주의 불교
IFqFP_qTDVc,https://youtu.be/IFqFP_qTDVc,[환국문명학술원257](1)실존주의는 보살 사상이다.종교 믿음은 관계성을 설명하지 못한다. 인간만이 존엄과 인간관계를 구체적으로 알 수 있다.이는 '인간은 무엇인가'의 질문이다?,환국문명학술원 ,UCA8W_MntT_nXKBEQS9hwAYA,2023-02-06,14,0,0,11:49,709,실존주의,보살,1,true,실존주의 불교
JjFJEKA9ZLM,https://youtu.be/JjFJEKA9ZLM,신과 귀신의 차이는 | 실존주의자의 신神이야기 | 만민스님,마인드풀명상회,UCCTwMT1pF2m5sbx_a7_9mdA,2024-05-22,4994,131,20,15:07,907,실존주의,주역|불교|연기법,1,false,실존주의 불교
eUVsFzhUbf8,https://youtu.be/eUVsFzhUbf8,[환국문명학술원258](2)실존주의는 보살 사상이다.종교 믿음은 관계성을 설명하지 못한다. 인간만이 존엄과 인간관계를 구체적으로 알 수 있다.이는 '인간은 무엇인가'의 질문이다?,환국문명학술원 ,UCA8W_MntT_nXKBEQS9hwAYA,2023-02-06,33,1,0,15:14,914,실존주의,보살,1,true,실존주의 불교
uDPApQxWIcg,https://youtu.be/uDPApQxWIcg,삶과 죽음을 탐구한 철학자들! #소크라테스 #하이데거 #카뮈 #실존주의 #철학자,인포 다이어리,UC0WzVwOpI9g3nb7m2QNSs_w,2025-06-09,1081,2,0,0:48,48,소크라테스|하이데거|사르트르|카뮈|실존주의,원효|불교,2,false,실존주의 불교
_mqzMrEBacE,https://youtu.be/_mqzMrEBacE,외계인을 만나려면 | 실존주의자의 외계인이야기 |  만민스님,마인드풀명상회,UCCTwMT1pF2m5sbx_a7_9mdA,2024-05-29,1256,45,5,23:45,1425,실존주의,대학|주역|불교|연기법,1,false,실존주의 불교
Xnn8S5P93hg,https://youtu.be/Xnn8S5P93hg,"[불교인문학] 제3강 나는 왜 사는가 / 1부  '실존주의와 연기법' - 존재의 뿌리, 존재의 구조",마인드풀명상회,UCCTwMT1pF2m5sbx_a7_9mdA,2021-03-26,121,6,0,27:31,1651,실존주의,대학|반야심경|금강경|불교|연기법,1,true,실존주의 불교
Lzf8M8Kpm3U,https://youtu.be/Lzf8M8Kpm3U,하이데거의 실존주의를 불교 철학으로 읽으면 소름 돋는 이유!  존재와 공(空)!서양철학은 불교철학.,신시,UCOle0BzK7NEWMG4Y_Nx1ZVg,2026-08-11,685,13,0,1:56,116,하이데거|실존주의,불교|공(空)|연기법,2,true,실존주의 불교
AuKlh8mgels,https://youtu.be/AuKlh8mgels,“사는 게 왜 이렇게 허전하냐고요” — 90대 고승의 조언 #불교명상 #인생조언 #쇼츠,마음햇살,UCXT53VO-RtUOwCyiVKXR5RQ,2025-07-24,22376,1198,9,0:23,23,실존주의,보살|금강경|불교,1,false,실존주의 불교
V86cwGM1iSk,https://youtu.be/V86cwGM1iSk,#광명공덕원 #실존주의#불교#인연#자유#shorts,광명공덕원,UCUxDLJlRXwYyfw0AnYro8qA,2026-01-15,1533,28,0,2:20,140,실존주의,불교,1,true,실존주의 불교
ij2zeYFhHHA,https://youtu.be/ij2zeYFhHHA,선불교와 실존주의,낭만여행,UCnt9N8Bckc31mQleRU2TbVQ,2026-08-23,34,3,2,13:09,789,실존주의,선불교|불교,1,true,실존주의 불교
4wBM8vAzCjI,https://youtu.be/4wBM8vAzCjI,"애쓰지 마라, 밥 먹고 잠자는 게 전부다 | 사유의 지대방",존재의 재발견,UCaKNORL9mGOgoqQhR09PofQ,2026-06-13,1078,27,4,1:20,80,쇼펜하우어|사르트르|실존주의,붓다|불교,2,false,실존주의 불교
MzH-FS8mNjQ,https://youtu.be/MzH-FS8mNjQ,[3분 인문학] 서양철학과 동양철학의 차이,홍익학당,UCI8HW08rOSlvweOjJ9Gp2Ng,2022-04-04,13649,516,31,4:13,253,플라톤|아리스토텔레스|데카르트,부처|주역|불교|도가,3,false,서양철학 동양철학 비교|동서양 철학 비교
9X2bXJxy2mQ,https://youtu.be/9X2bXJxy2mQ,서양과 다른 동양철학의 특성 - 형식 논리에 관하여,지혜의 빛 : 인문학의 숲,UCS_8v3yJnRahqwFvxoEIupg,2023-08-06,34489,1112,102,11:50,710,아리스토텔레스,공자|왕양명|논어,1,false,서양철학 동양철학 비교|동서양 철학 비교
4cuKZVoPihQ,https://youtu.be/4cuKZVoPihQ,"철학사유 | AI와 알아보는 서양철학과 동양철학, 그 접점",초월담록,UC8w3lbmSK4FZUq1Gi7N088w,2025-10-31,40,1,0,19:25,1165,플라톤|아리스토텔레스|흄|칸트,장자|공자,2,false,서양철학 동양철학 비교
zai9tpXsQGk,https://youtu.be/zai9tpXsQGk,"한방에 요약 정리하는 서양철학의 역사 📗 소크라테스부터 칸트, 니체 너머까지",언어의 정원,UC7yOuTk9zJr7-5jhNxEueDQ,2019-07-13,135891,2710,80,10:09,609,소크라테스|칸트|니체,대학,1,false,서양철학 동양철학 비교
A3l307w3sv0,https://youtu.be/A3l307w3sv0,"[1분 철학] 서양은 철학, 동양은 도학",홍익학당,UCI8HW08rOSlvweOjJ9Gp2Ng,2024-12-07,6533,276,5,1:00,60,칸트|헤겔|하이데거,공자|맹자|논어|중용|불교,3,false,동서양 철학 비교
wGivG3MfHmk,https://youtu.be/wGivG3MfHmk,장자와 데카르트: 메타인지의 동서양 비교,Eudaimonia,UCblaIdDUa-5oKwvz9L9v56g,2025-07-01,3,0,0,5:48,348,데카르트,장자,1,true,동서양 철학 비교