channel,channel_id,url,created_at,subscribers,channel_total_views,channel_video_count,channel_avg_views,cross_video_count,cross_avg_views,cross_vs_channel_ratio,best_cross_video,best_cross_views,views_per_subscriber,cross_in_title_count
지혜의 빛 : 인문학의 숲,UCS_8v3yJnRahqwFvxoEIupg,https://www.youtube.com/channel/UCS_8v3yJnRahqwFvxoEIupg,2013-09-23,291000,23788904,183,129994,14,215422,1.66,"불교철학 입문 : 붓다(buddha)의 세계관에 담겨 있는 진실(feat. 기억 속의 경전, 데카르트, 자크 라캉, 리즈 데이비스)",933494,0.74,6
홍익학당,UCI8HW08rOSlvweOjJ9Gp2Ng,https://www.youtube.com/channel/UCI8HW08rOSlvweOjJ9Gp2Ng,2012-08-26,177000,106841974,7315,14606,12,33172,2.27,[홍익학당] 꼭 알아야 할 칸트철학의 핵심(170628)_A498,177442,0.19,0
홍알정,UCaOPVPMu2bEqEp2-h2ovRxA,https://www.youtube.com/channel/UCaOPVPMu2bEqEp2-h2ovRxA,2021-08-19,1160,68657,281,244,10,73,0.3,[홍성민 교수의 알기쉬운 정치철학 이야기] 84. 자유주의: 칸트 20(유교10),104,0.06,10
STUKA,UCPpFhQhaqZg1Ni7nnYqctxg,https://www.youtube.com/channel/UCPpFhQhaqZg1Ni7nnYqctxg,2015-03-06,3030,909081,193,4710,7,3115,0.66,불교로 이해하는 현대철학 13 니체 철학과 불교   신은 죽었다,4098,1.03,7
마음의 양식,UCSPyyQDExwIA4nhPCtelWuQ,https://www.youtube.com/channel/UCSPyyQDExwIA4nhPCtelWuQ,2025-09-01,368,134992,172,785,7,470,0.6,❤️나이 들어 가장 큰 복은 'OO 이다'❤️인생을 바꾼🌈#성경말씀 #오늘의명언 #삶의지혜 #철학 #하나님 #예수님 #부처님 #기독교 #불교 #니체 #쇼펜하우어 #카뮈  #오디오북,922,1.28,7
너진똑 NJT BOOK,UCA4ZUofyfHIk-qXlAQQV5Hg,https://www.youtube.com/channel/UCA4ZUofyfHIk-qXlAQQV5Hg,2019-05-02,1570000,150897060,223,676668,5,620449,0.92,인류 역사상 최고의 진리,858649,0.4,0
에피파니숲  | 과학·철학 산책,UCjTMvF2Gfi6BIsT9VEe1pNA,https://www.youtube.com/channel/UCjTMvF2Gfi6BIsT9VEe1pNA,2022-12-28,8810,1231211,141,8732,5,25692,2.94,불교를 싫어했던 니체,96389,2.92,4
나를 깨우는 목소리,UCwVhjAVNzM7bAe8Ij3O3buA,https://www.youtube.com/channel/UCwVhjAVNzM7bAe8Ij3O3buA,2023-01-06,1270,189486,209,907,5,416,0.46,"#아리스토텔레스의인생명언모음,#현명한자는적에게서도배운다,#인생조언,#가르침,#깨달음,#지혜,#명상,#오디오북,#노자,#묵자,#공자,#쇼펜하우어,#석가모니,#인생명언,#에픽테토스,",644,0.33,5
환국문명학술원 ,UCA8W_MntT_nXKBEQS9hwAYA,https://www.youtube.com/channel/UCA8W_MntT_nXKBEQS9hwAYA,2014-08-07,1180,159110,2206,72,5,26,0.36,[환국문명학술원258](2)실존주의는 보살 사상이다.종교 믿음은 관계성을 설명하지 못한다. 인간만이 존엄과 인간관계를 구체적으로 알 수 있다.이는 '인간은 무엇인가'의 질문이다?,33,0.02,5
이문회우인문협동조합,UC3fdRZbWOHAsb0LMBxe-InQ,https://www.youtube.com/channel/UC3fdRZbWOHAsb0LMBxe-InQ,2015-05-02,65,7984,18,444,5,646,1.46,허경 프랑스철학으로 읽는 노자 1-1강,1336,9.94,0
책읽기좋은날,UC17lvWECf2AWRbqKuCcf4VQ,https://www.youtube.com/channel/UC17lvWECf2AWRbqKuCcf4VQ,2019-12-07,987000,193137484,2009,96136,4,201172,2.09,[쇼펜하우어를 빼고 인생을 논하지 마라] 마흔에 읽는 쇼펜하우어│책읽어주는여자 오디오북 podcasts,371191,0.2,2
랭크아이템,UCfMFC45e9RY0UJqxE-D4Rgg,https://www.youtube.com/channel/UCfMFC45e9RY0UJqxE-D4Rgg,2020-05-24,4540,175389,383,458,4,18,0.04,노자: 욕심을 줄이면 마음이 평온하다 #노자 #무욕 #자유로운삶,23,0,0
똑똑한 속삭임,UCxbnLJxvi6-6Lh7bv8Iw_oQ,https://www.youtube.com/channel/UCxbnLJxvi6-6Lh7bv8Iw_oQ,2022-06-14,1300,52007,63,826,4,1065,1.29,"장자와 니체, 천재인가 괴짜인가?",2801,0.82,3
나를 배우는 시간,UCaFx_Fe26vwji7gX8bFL9bg,https://www.youtube.com/channel/UCaFx_Fe26vwji7gX8bFL9bg,2025-08-20,171,80835,76,1064,4,1266,1.19,"니체와 장자, 자유의 끝은 달랐다",2120,7.4,4
EBSCulture (EBS 교양),UCl_tB4AqPkkxuYcJQHz6dMw,https://www.youtube.com/channel/UCl_tB4AqPkkxuYcJQHz6dMw,2012-11-19,3050000,2783240264,62417,44591,3,38326,0.86,"EBS 기획특강 - 도올 김용옥의 중용, 인간의 맛_4강_20110913_#004",57441,0.01,1
지식의 취향,UCKaEKEiswhc9gYL-cwrC49w,https://www.youtube.com/channel/UCKaEKEiswhc9gYL-cwrC49w,2020-03-24,432000,36949611,321,115108,3,44312,0.38,고독은 모든 뛰어난 인물의 운명이다 ｜  니체와 장자는 이렇게 말했다,86330,0.1,1
헬로붓다TV,UCOMqXHCH0ickIRiwf2zJK7g,https://www.youtube.com/channel/UCOMqXHCH0ickIRiwf2zJK7g,2020-04-13,249000,122110049,8472,14413,3,1857,0.13,"인생은 고통, 원인은 욕망! 쇼펜하우어와 원효대사의 해법은? | 박찬국(서울대 철학과 교수) | 화요열린강좌 '원효와 쇼펜하우어' | 권태 반복 천국 염세주의 이성 논리 철학 불교",4352,0.01,3
불광미디어,UCY0c16JUbU4Um3IM9q0VowA,https://www.youtube.com/channel/UCY0c16JUbU4Um3IM9q0VowA,2011-02-22,180000,55297369,3046,18154,3,3705,0.2,"박찬국, 니체는 왜 자신이 '유럽의 부처'라고 말했을까? 불교를 사랑했지만, 따르지 않았던 니체 이야기",6535,0.02,3
예도TV,UC0UCWr9ZRr-EX0KS_3P_IWg,https://www.youtube.com/channel/UC0UCWr9ZRr-EX0KS_3P_IWg,2019-05-15,44600,6044201,1435,4212,3,3548,0.84,하이데거와 불교 / 존재와 연기론,5557,0.08,3
사유의 숲,UCgsvwTmR3I3wO1Mqio8x1RQ,https://www.youtube.com/channel/UCgsvwTmR3I3wO1Mqio8x1RQ,2025-10-07,13600,1156910,287,4031,3,4402,1.09,"""700년이 지났는데 왜 아직도 에크하르트인가 — 현대 철학·심리학·동양사상이 에크하르트를 읽는 이유 |  에크하르트 7부 #shorts",6568,0.32,0
책방 민준씨,UCL2NPsfB-mrubFFy1EgWIhg,https://www.youtube.com/channel/UCL2NPsfB-mrubFFy1EgWIhg,2026-02-22,13500,1153977,36,32055,3,74924,2.34,왜 우리는 감정에 휘둘리는가 | 스피노자 #철학 #인문학 #스토리텔링 #위인전 #인생이야기,121102,5.55,1
배울지니 유쾌할지니,UCOc8SpM2PUsGxeQYKUkHUKg,https://www.youtube.com/channel/UCOc8SpM2PUsGxeQYKUkHUKg,2022-01-14,12700,2215387,463,4785,3,4420,0.92,"[크로버] 제1강. 소크라테스 vs 공자 - 시대와 삶 (강의 : 신근영, 문성환 | 사회 : 고미숙)",6136,0.35,3
Dasima,UCBE6V1G2UJG0nPbziT4pJeg,https://www.youtube.com/channel/UCBE6V1G2UJG0nPbziT4pJeg,2011-04-02,4110,271381,1038,261,3,676,2.59,헤겔의 철학 (게오르크 빌헬름 프리드리히 헤겔) /헤겔 철학 개론,901,0.16,0
마인드풀명상회,UCCTwMT1pF2m5sbx_a7_9mdA,https://www.youtube.com/channel/UCCTwMT1pF2m5sbx_a7_9mdA,2020-10-10,3020,308721,197,1567,3,2124,1.36,신과 귀신의 차이는 | 실존주의자의 신神이야기 | 만민스님,4994,0.7,1
거인들의시선,UC12cm99TCMwx-DQx9yh_LjQ,https://www.youtube.com/channel/UC12cm99TCMwx-DQx9yh_LjQ,2025-05-17,708,258380,133,1943,3,3580,1.84,하는 일이 잘 안되서 좌절할 때/명언 / 좋은글 / 깨달음의글 #석가모니 #석가모니지혜 #부처님말씀,8175,5.06,0
Xnd Yor2,UCnmHEh7h7NJDAAi0askOCgg,https://www.youtube.com/channel/UCnmHEh7h7NJDAAi0askOCgg,2016-09-29,216,45747,98,467,3,433,0.93,제26강 하이데거 철학과 불교,446,2,3
명언소리,UC4d1UU2fX7oKaooihd7uH9A,https://www.youtube.com/channel/UC4d1UU2fX7oKaooihd7uH9A,2025-12-14,168,16784,145,116,3,113,0.98,"여섯명의 철학자들이 말하는 인간관계 처세술 소크라테스, 공자, 에픽테토스, 쇼펜하우어, 니체, 몽테뉴",266,0.67,3
지혜로걷는길,UC2ZLg7joL-9DstbZ_CpcfYA,https://www.youtube.com/channel/UC2ZLg7joL-9DstbZ_CpcfYA,2023-05-21,123,41933,145,289,3,244,0.84,공자 vs 소크라테스! 누가 더 위대한 철학자인가? 핵심 비교 정리,629,1.99,3
삶의 지혜 채널,UCIshoYvq0g1LhTePtzTpKiA,https://www.youtube.com/channel/UCIshoYvq0g1LhTePtzTpKiA,2025-09-30,1,280,8,35,3,71,2.03,인생을 바꾸는 스토아 철학 | 마음을 다스리는 법 | 삶의 지혜 채널,151,71,0
삼프로TV 3PROTV,UChlv4GSd7OQl3js-jkLOnFA,https://www.youtube.com/channel/UChlv4GSd7OQl3js-jkLOnFA,2019-01-17,3040000,1864989792,22620,82449,2,1069220,12.97,우리가 아는 붓다가 실존하지 않았을 거라는 의심 f.강성용 서울대학교 남아시아센터장 [더 릴리전],1281465,0.35,0
한국불교 대표방송 BTN,UCOozqNhXDcb6gg6oaU7uImA,https://www.youtube.com/channel/UCOozqNhXDcb6gg6oaU7uImA,2013-04-09,1250000,669052343,28144,23772,2,108,0,우리는 칸트를 읽고 니체를 본다 [김류현 원장의 내 안에 흐르는 다르마] #김류현 #다르마 #부처님말씀,153,0,1
재단법인 지관,UCMFtInytGPb98UUCjJHdsQw,https://www.youtube.com/channel/UCMFtInytGPb98UUCjJHdsQw,2013-09-09,415000,69079388,1056,65416,2,222132,3.4,[8대 고전읽기] 노자 (김원중 교수),426047,0.54,1
고독한 낭독회,UClkZfse00Rl226AJ7V5Hl4w,https://www.youtube.com/channel/UClkZfse00Rl226AJ7V5Hl4w,2021-12-14,395000,49048867,286,171500,2,35327,0.21,인생은 잘 놀다 가는 것 | 편안한 인생을 사는 지혜 | 니체와 장자는 이렇게 말했다 | 오디오북,59215,0.09,2
인문학 브런치,UCke0s4-Iatj-PO5ZhDXW0ug,https://www.youtube.com/channel/UCke0s4-Iatj-PO5ZhDXW0ug,2021-12-01,342000,81347214,1312,62002,2,10713,0.17,윤회 : 니체의 영원회귀와 니힐리즘 [이진경 교수의 불교를 철학하다 10편],12211,0.03,2
광장人,UCldUevJXozIqwmqyIZKyhrQ,https://www.youtube.com/channel/UCldUevJXozIqwmqyIZKyhrQ,2021-01-07,304000,355628779,6650,53478,2,1564,0.03,질문의 힘/소크라테스/공자/아인슈타인,2274,0.01,2
5분 뚝딱 철학,UC59N4YTqBjs_xte25Fc2YPA,https://www.youtube.com/channel/UC59N4YTqBjs_xte25Fc2YPA,2009-12-22,288000,21347293,493,43301,2,93164,2.15,성철과 비트겐슈타인 : 깨달음이란 무엇인가?,168521,0.32,0
거인의 속삭임,UCD0E-zH1e1lNmGIv-V11s0g,https://www.youtube.com/channel/UCD0E-zH1e1lNmGIv-V11s0g,2025-11-14,25000,2754811,148,18614,2,16755,0.9,행복을 쫓는 사람은 행복해질 수 없다 | 쇼펜하우어 행복론 | 아리스토텔레스 행복론,23935,0.67,0
마더텅 고등,UCAgFyrAQPisZaJbOAwzM6aw,https://www.youtube.com/channel/UCAgFyrAQPisZaJbOAwzM6aw,2019-02-22,23100,28301276,32550,869,2,5338,6.14,[마더텅] [생활과 윤리] [필수개념] 칸트의 의무론 (해설 : 배준호 선생님),8597,0.23,0
정진우의 철학교실,UCdOVD1pKx_3J2eBdSouv-dg,https://www.youtube.com/channel/UCdOVD1pKx_3J2eBdSouv-dg,2010-12-31,23000,1820907,181,10060,2,9415,0.94,"헤겔 [정신현상학], '아름다운 영혼'의 변증법 [정진우의 철학교실]",10805,0.41,0
지혜의 바다,UC7XeH82zOw7e6zCnOdHEJ6w,https://www.youtube.com/channel/UC7XeH82zOw7e6zCnOdHEJ6w,2025-07-09,16800,8327206,359,23196,2,106079,4.57,정신과 의사도 인정한 쇼펜하우어의 역대급 인생철학 #shorts #인간관계 #철학 #니체 #쇼펜하우어 #행복 #지혜 #맹자 #좋은글귀,110754,6.31,2
지식클럽 S Quotes,UC2OKEeEYzn-kEJHWy3D-UUA,https://www.youtube.com/channel/UC2OKEeEYzn-kEJHWy3D-UUA,2022-10-20,13800,4432816,226,19614,2,6366,0.32,"아인슈타인: 위대한 사람들의 운명 (feat. 소크라테스, 예수, 석가모니, 공자, 노자 .....)",11555,0.46,1
무진스님의 무궁무진,UCYj0Ob9WK9cLDuK7V9ZdaPg,https://www.youtube.com/channel/UCYj0Ob9WK9cLDuK7V9ZdaPg,2010-12-23,12700,5217665,1090,4787,2,4831,1.01,실존철학자 하이데거. 서양 철학의 실패는 존재를 존재자로 보았던 것이다.,7126,0.38,0
명언모음,UCu7cbwEfcBWjAfRi66ilJuA,https://www.youtube.com/channel/UCu7cbwEfcBWjAfRi66ilJuA,2025-03-08,9050,1284847,240,5354,2,10351,1.93,"마음 하나가 모든 걸 바꾼다ㅣ채근담, 명심보감, 석가모니, 노자, 니체, 소크라테스의 인생 명언ㅣ변화는 마음에서 시작된다",11298,1.14,2
인생을 止觀_하다. 止觀書架,UCnRoFxsc-Hffh0P2MBDXLYw,https://www.youtube.com/channel/UCnRoFxsc-Hffh0P2MBDXLYw,2021-12-01,6610,1227601,1543,796,2,363,0.46,지관서가 2025년 1월 인문특강  철학자 니체의 새로운 신성한 행복론  part1,436,0.05,0
금빛시간,UCRuUj7DV984jPZ5t8XBAa3Q,https://www.youtube.com/channel/UCRuUj7DV984jPZ5t8XBAa3Q,2022-09-22,4500,2343144,391,5993,2,601,0.1,✨ 비워야 비로소 채워진다｜노자·장자·붓다·스토아 철학이 전하는 지혜 #비움의지혜 #노자 #장자 #붓다 #스토아철학 #성공습관 #마음챙김 #행복습관 #철학이주는선물 #인생의지혜,1087,0.13,2
문학TV - Silk road,UCuiKHQbyfCr3UUzGPi-G3rw,https://www.youtube.com/channel/UCuiKHQbyfCr3UUzGPi-G3rw,2018-01-30,4130,630802,1131,558,2,535,0.96,탈근대주체이론(4)이승훈 노자와 하이데거. 2022.8/5 금요일 7시. 실시간 방송,650,0.13,1
철학의 사도,UCnLHG7VpX7fAHSARoyK-oVg,https://www.youtube.com/channel/UCnLHG7VpX7fAHSARoyK-oVg,2022-01-02,2290,1740729,316,5509,2,12511,2.27,니체의 쌍욕,14126,5.46,1
마음에 닿는 말,UCvyRuckWH2ZL54dgPvQZsGw,https://www.youtube.com/channel/UCvyRuckWH2ZL54dgPvQZsGw,2025-02-02,1700,593089,393,1509,2,1201,0.8,“말 한마디가 운명을 바꾼다｜공자·노자·소크라테스가 남긴 말의 힘”/잠들기전 들어야할 명상 명언 자연의 소리 asmr 포함,2181,0.71,2
매일철학명언,UC5EUlVBWk2cVvx6aVsK7Qvg,https://www.youtube.com/channel/UC5EUlVBWk2cVvx6aVsK7Qvg,2025-09-08,1540,478665,334,1433,2,301,0.21,말없이 진짜 강한 사람의 7가지 특징/공자/소크라테스/부처님/명언/오디오북/정약용/철학명언/공자/삶의지혜/인간관계,337,0.2,2
광명공덕원,UCUxDLJlRXwYyfw0AnYro8qA,https://www.youtube.com/channel/UCUxDLJlRXwYyfw0AnYro8qA,2022-06-19,1250,224013,321,698,2,818,1.17,#광명공덕원 #실존주의#불교#인연#자유#shorts,1533,0.65,2
가시광선,UCWwt0LwCTGoMdEDXEMfqrTw,https://www.youtube.com/channel/UCWwt0LwCTGoMdEDXEMfqrTw,2018-02-13,604,690585,502,1376,2,6,0,『스피노자: 실천철학』 읽기 Part 3,6,0.01,2
말이 약이 될 때,UCaDM66J9KxM9qsg2ap2v27Q,https://www.youtube.com/channel/UCaDM66J9KxM9qsg2ap2v27Q,2025-04-24,604,386534,302,1280,2,998,0.78,관계를 다시 돌아보게 만드는 5가지 명언 | 인생명언 인생조언 인간관계,1014,1.65,1
신시,UCOle0BzK7NEWMG4Y_Nx1ZVg,https://www.youtube.com/channel/UCOle0BzK7NEWMG4Y_Nx1ZVg,2025-12-17,569,597758,746,801,2,438,0.55,하이데거의 실존주의를 불교 철학으로 읽으면 소름 돋는 이유!  존재와 공(空)!서양철학은 불교철학.,685,0.77,2
초월담록,UC8w3lbmSK4FZUq1Gi7N088w,https://www.youtube.com/channel/UC8w3lbmSK4FZUq1Gi7N088w,2025-09-20,298,16626,97,171,2,134,0.78,소크라테스 vs. 공자 | 앎이란 무엇인가?,228,0.45,1
행복찾기,UCfrS2NPsnPnNxnQeEkmZ9EQ,https://www.youtube.com/channel/UCfrS2NPsnPnNxnQeEkmZ9EQ,2023-07-27,292,43761,35,1250,2,264,0.21,진정한 우정 명언 ㅣ공자 ㅣ소크라테스ㅣ 논어 ㅣ친구 지혜ㅣ인생조언ㅣ인생철학 ㅣ 삶의지혜ㅣ명언ㅣ오디오북ㅣ인간관계ㅣ#shorts  #좋은글 #명언 #인생조언,303,0.9,2
하루명언,UCW5h1wHPqcLhJm6Gc5OHw8g,https://www.youtube.com/channel/UCW5h1wHPqcLhJm6Gc5OHw8g,2025-07-03,237,171817,174,987,2,1632,1.65,진짜 강한 사람은 이렇게 다릅니다 | 스토아 철학 명언 l 인생명언 l 마음치유 l 불교 l 철학 l 명상,1786,6.88,2
불교의 빛 ,UCBZ864qMujf27WzKJvn4zsg,https://www.youtube.com/channel/UCBZ864qMujf27WzKJvn4zsg,2025-03-10,226,17546,79,222,2,85,0.38,당신 옆에 사악한 사람이 있다는 10가지 확실한 신호  스토아 철학,158,0.37,0
Logarete - 시대를 초월한 심포지엄,UCI3u3EkTQ416Nct15G0HJ6w,https://www.youtube.com/channel/UCI3u3EkTQ416Nct15G0HJ6w,2026-01-15,208,87642,420,209,2,117,0.56,(Part 2/4) 지혜란 무엇인가? 공자·아리스토텔레스·세네카의 끝장 토론,164,0.56,2
보오북 - 보이는 오디오북,UCilJVLOhKfA9nWIjQ14aaKw,https://www.youtube.com/channel/UCilJVLOhKfA9nWIjQ14aaKw,2012-10-31,6,23453,33,711,2,8,0.01,세기의 논쟁! 소크라테스 VS 공자 좌담회 본편,9,1.33,2
디글 :Diggle,UCWYzc_p0GgfCepIWDHGFmEg,https://www.youtube.com/channel/UCWYzc_p0GgfCepIWDHGFmEg,2020-02-26,4300000,12463524268,90020,138453,1,1334662,9.64,"[#어쩌다어른] (1시간) 철학을 통해 삶의 의미를 알아보자👀 공자, 노자부터 플라톤의 이데아론까지! 다양한 사상가 이야기 1시간 모음",1334662,0.31,1
오마이TV,UClAfLVQYZSLrMAQQ_SXPVZw,https://www.youtube.com/channel/UClAfLVQYZSLrMAQQ_SXPVZw,2011-04-13,2460000,3569708147,77547,46033,1,113771,2.47,강신주 박사의 '철학 고전읽기'1-스피노자의 '에티카',113771,0.05,1
조승연의 탐구생활,UCvW8norVMTLt7QN-s2pS4Bw,https://www.youtube.com/channel/UCvW8norVMTLt7QN-s2pS4Bw,2013-05-05,1950000,271931632,804,338223,1,5533625,16.36,"✒️인생을 바꾸고 싶다면 꼭 알아야 할 명언ㅣ니체, 장자, 벤자민 프랭클린",5533625,2.84,1
책과삶,UCgUaqrLRGLL-dHislR1e2TA,https://www.youtube.com/channel/UCgUaqrLRGLL-dHislR1e2TA,2019-12-17,1190000,183089480,726,252189,1,343236,1.36,인생에서 '성욕'을 다스리지 못할 때 나타나는 끔찍한 것들 ㅣ Ep. 책과사람 74 (정성민 교수),343236,0.29,0
이지영 [Leejiyoung Official],UCM2HVszjOG8328YYmCoQwAw,https://www.youtube.com/channel/UCM2HVszjOG8328YYmCoQwAw,2019-11-18,795000,288799413,959,301146,1,293640,0.98,철학입문 가이드 what is philosophy.,293640,0.37,0
BBS 불교방송,UC3d8VqSnGnMofo35EM_fIVQ,https://www.youtube.com/channel/UC3d8VqSnGnMofo35EM_fIVQ,2014-04-23,640000,268484823,25795,10408,1,2720,0.26,"""세상은 하나의 거대한 무대다. 눈에 보이는 건 겉모습뿐, 연극이 끝나면 화려한 무대는 철거되고 텅 빈 창고만 남을 것이다."" #보만스님 #불교심리학 #쇼펜하우어",2720,0,1
일당백 : 일생동안 읽어야 할 백권의 책,UC0LGfuBiVmPZLo5pUW0bshA,https://www.youtube.com/channel/UC0LGfuBiVmPZLo5pUW0bshA,2019-12-24,520000,136909083,1098,124690,1,84707,0.68,"쇼펜하우어, 하이데거, 헤겔, 니체 철학과 불교 사상의 공통점? 불교의 핵심경전 금강경의 철학적 접근 : 금강경(소: 한형조) 2부",84707,0.16,1
책읽는 자작나무,UCPhvyjw3ZrfxjEv6d5xE-7Q,https://www.youtube.com/channel/UCPhvyjw3ZrfxjEv6d5xE-7Q,2020-02-27,477000,90166578,504,178902,1,1252985,7,복잡한 마음을 가지런히 정돈하는 부처님 말씀 [초역 붓다의 말] 붙잡지 마라. 모든것은 흘러간다. 살아가라 그뿐이다,1252985,2.63,0
정목스님의 유나방송,UCzWYpokwcpsQDHYKMFybpvQ,https://www.youtube.com/channel/UCzWYpokwcpsQDHYKMFybpvQ,2009-01-08,378000,102096755,1549,65911,1,66109,1,"봄꽃이 들려주는 무상 법문 | 조로아스터교, 니체와 불교 | 정각사 일요법회 (4월 12일)",66109,0.17,1
도올TV,UCIpQ4Z_y2dObDVDt4T_nleQ,https://www.youtube.com/channel/UCIpQ4Z_y2dObDVDt4T_nleQ,2009-08-22,341000,73409380,1840,39896,1,85770,2.15,[도올김용옥] 국립극단 노자강연 3 헤겔 맑스 니체 프로이드 그리고 노자,85770,0.25,1
충코의 철학 Chungco,UCUV9bHklegmYbdt091TNvjA,https://www.youtube.com/channel/UCUV9bHklegmYbdt091TNvjA,2017-12-30,320000,43845868,725,60477,1,79370,1.31,"니체의 미학, 건강한 삶을 찾는 철학 (feat. 박찬국 - '내 삶에 예술을 들일 때, 니체')",79370,0.25,0
자현스님의 쏘댕기기,UCKBRsCWLEK0nsedY7Z-_cTg,https://www.youtube.com/channel/UCKBRsCWLEK0nsedY7Z-_cTg,2018-11-27,274000,177251371,4315,41078,1,45995,1.12,"정년 후 40년, 관점을 바꿔야 인생이 바뀐다. 원주 성불원 창립기념 초청법문",45995,0.17,0
일상의인문학,UCAm1JXQN3hGfBY3CxZiXDnQ,https://www.youtube.com/channel/UCAm1JXQN3hGfBY3CxZiXDnQ,2011-12-15,267000,87902455,3394,25899,1,80257,3.1,"공자와 소크라테스, 누가 더 뛰어난 철학자인가?(고전의 시작에서 바라 본 공자와 소크라테스)",80257,0.3,1
화평방송 HPBS,UCxLa-LEGMpAq3X407Z4H_5g,https://www.youtube.com/channel/UCxLa-LEGMpAq3X407Z4H_5g,2013-03-19,179000,79620149,18680,4262,1,2514,0.59,부처 공자 소크라테스 만나도 내가 해주고싶은 말 #부처님 #공자 #소크라테스 #사후세계 #장경동목사 #화평방송,2514,0.01,1
명언의 선율,UCeFCPQuMsLsMoJ0EO1Xm7Kw,https://www.youtube.com/channel/UCeFCPQuMsLsMoJ0EO1Xm7Kw,2014-03-25,153000,86444297,299,289111,1,139,0,현대인의 스트레스 스토아 철학과 불교의 마음챙김은 해결책이 될 것인가?  | 인생명언 | 삶의지혜 | 행복  | 철학 | 인문학 | 오디오북,139,0,1
인생지혜,UCuRxrJ2V2GgmCdesXv4eUTw,https://www.youtube.com/channel/UCuRxrJ2V2GgmCdesXv4eUTw,2024-05-06,151000,101988176,498,204796,1,428199,2.09,살다보니 소름돋게 다 맞는말입니다   모르면 바보되는 니체의 인생진리.. #쇼펜하우어 #니체 #석가모니 #맹자 #명언 #인생조언 #철학 #좋은글 #좋은말 #좋은글귀,428199,2.84,1
"깊은 밤, 이야기",UCiP3mCFIOjSJ2hNm3a77QFw,https://www.youtube.com/channel/UCiP3mCFIOjSJ2hNm3a77QFw,2025-08-05,109000,4435941,31,143095,1,189469,1.32,"🌙 틀어놓고 주무세요: 기존의 가치를 파괴한 철학자, 니체의 일생｜깊은 밤, 이야기",189469,1.74,0
1%선택,UCBmFVsZcSyln43v7SO1cGew,https://www.youtube.com/channel/UCBmFVsZcSyln43v7SO1cGew,2025-06-17,108000,71321603,174,409894,1,395517,0.96,니체가 말하는 절대 잘해줄 필요가 없는 사람 #shorts #명언 #인간관계 #철학 #지혜 #행복 #니체 #쇼펜하우어 #좋은글귀 #처세 #조언 #동기부여 #인생,395517,3.66,1
어바웃 라이프,UCJfZbxDFsIDl2vWMXeBMlPg,https://www.youtube.com/channel/UCJfZbxDFsIDl2vWMXeBMlPg,2022-12-08,82000,9069484,1109,8178,1,4169,0.51,인생에 지혜가 되어주는 주옥 같은 명언 6가지,4169,0.05,0
지혜의무게,UC14TsUO86q_MBnhOTWiXh3A,https://www.youtube.com/channel/UC14TsUO86q_MBnhOTWiXh3A,2025-03-26,59400,218266003,1697,128619,1,7962,0.06,삶을 선명하게 만드는 7가지 깨달음,7962,0.13,0
이투스 현수쌤,UCe4tYXuh3NXN-8fM77Z37Zw,https://www.youtube.com/channel/UCe4tYXuh3NXN-8fM77Z37Zw,2019-01-05,56000,6872286,118,58240,1,158300,2.72,"으른이 하라면 좀 해라! 아리스토텔레스, 매킨타이어의 덕 윤리, 11분만에 찢어버리기",158300,2.83,0
명언과 위로,UCbqQG1tJvXVz1hUIluQXOpw,https://www.youtube.com/channel/UCbqQG1tJvXVz1hUIluQXOpw,2023-05-07,53900,6551942,322,20348,1,1192616,58.61,생각 많고 예민한 사람들도 마음 편히 살 수 있는 방법 I 불안한 마음을 가라앉히는 방법 I 자면서 듣는 부처님 명언 4시간 I 인간관계 I 오디오북 I 삶의 지혜,1192616,22.13,0
철학하루,UC27h1jhlLFNVuMkQuSuQeIg,https://www.youtube.com/channel/UC27h1jhlLFNVuMkQuSuQeIg,2025-06-24,53100,30043801,390,77035,1,244169,3.17,니체가 귀인에게만 몰래 알려줬다는 충격적인 조언 7가지 #니체 #쇼펜하우어 #석가모니 #맹자 #명언 #인생조언 #철학 #좋은글 #좋은말 #좋은글귀 #철학 #명언,244169,4.6,1
백낙청TV,UC_IV-JURiQzt4APTfhWEp5w,https://www.youtube.com/channel/UC_IV-JURiQzt4APTfhWEp5w,2022-06-15,45300,1932698,375,5154,1,2253,0.44,[백낙청 공부길 020] 노자 ‘도법자연’과 하이데거 ‘기술철학’이 집약된 개벽사상 [근대의 이중과제와 한반도식 나라만들기]  마지막회 이보현 3편,2253,0.05,1
아트앤스터디,UCpmAiWIGtd6dgOzKHnuHS4Q,https://www.youtube.com/channel/UCpmAiWIGtd6dgOzKHnuHS4Q,2013-12-04,45100,5242170,1809,2898,1,4818,1.66,선불교를 철학하다,4818,0.11,0
명상시티,UC22ZU6bO_g0XN5Z7fLr8TaA,https://www.youtube.com/channel/UC22ZU6bO_g0XN5Z7fLr8TaA,2015-07-17,43000,20615028,457,45109,1,7085,0.16,윤회는 없다고 선포하는 것은 니체가 '신은 죽었다'고 선포하는 것과 상당히 흡사하다. 부처님 당시에 '육사외도'와도 상당히 흡사하다. #불교 #스님 #shorts,7085,0.16,1
DJ 래피,UCQtaSrdyEnlPGI1eWtgWt2Q,https://www.youtube.com/channel/UCQtaSrdyEnlPGI1eWtgWt2Q,2012-05-26,42300,4582161,1844,2485,1,382,0.15,왜 아이는 당신 말을 안 들을까요?,382,0.01,0
언어의 정원,UC7yOuTk9zJr7-5jhNxEueDQ,https://www.youtube.com/channel/UC7yOuTk9zJr7-5jhNxEueDQ,2018-12-21,39500,3710759,438,8472,1,135891,16.04,"한방에 요약 정리하는 서양철학의 역사 📗 소크라테스부터 칸트, 니체 너머까지",135891,3.44,0
OCW-HYU,UC2Q6zqUFHf-m5UJOpvxFkVw,https://www.youtube.com/channel/UC2Q6zqUFHf-m5UJOpvxFkVw,2008-03-25,34600,9003419,4671,1928,1,57766,29.97,"다른 청춘을 꿈꾸다, 들뢰즈를 통한 세상 읽기 - 이진경 철학자",57766,1.67,0
매일 듣는 지혜,UCOKLHGzbPbqC6N716gXSeKA,https://www.youtube.com/channel/UCOKLHGzbPbqC6N716gXSeKA,2022-11-22,33600,3361237,124,27107,1,2514,0.09,인간의 본성과 능력은 7년마다 바뀐다  I 발타자르 그라시안의 지혜 명언  I 인문학특강,2514,0.07,0
교양살롱,UCXKyeVSM05tNyYQoHI-tDlA,https://www.youtube.com/channel/UCXKyeVSM05tNyYQoHI-tDlA,2019-04-14,32400,2711725,309,8776,1,33763,3.85,"헤겔 철학(a.k.a.변증법, 정반합) 5분만에 읽기",33763,1.04,0
작은깊이,UC99JcPsxO1VX1f7bK0GDh6Q,https://www.youtube.com/channel/UC99JcPsxO1VX1f7bK0GDh6Q,2025-07-06,32200,17012756,239,71183,1,17564,0.25,공자가 2500년 전에 경고한 무지의 착각 #공자 #소크라테스 #명언 #철학 #동기부여,17564,0.55,1
마인드샷MindShot,UCSL-Gjggk5PALIL9eveZy4g,https://www.youtube.com/channel/UCSL-Gjggk5PALIL9eveZy4g,2024-12-30,31900,5460769,602,9071,1,2312,0.25,[인생 명언] 변화를 받아들이는 8가지 철학적 지혜 | 불교/스토아/도가 사상 | 마음 다스리기 | 좋은글귀 | 조언 | 명언 | 위로 | 동기부여,2312,0.07,1
삶과 쉼터,UC1EJrCZ6yiyLdwAo6VQ38mg,https://www.youtube.com/channel/UC1EJrCZ6yiyLdwAo6VQ38mg,2025-11-04,29300,4929821,105,46951,1,348901,7.43,역사상 가장 지능이 높았던 철학자 쇼펜하우어의 인생 여정 #쇼펜하우어 #니체 #석가모니 #맹자 #명언 #인생조언 #철학 #좋은글 #좋은말 #좋은글귀,348901,11.91,1
보현TV,UCHkKf85AxbSM_IFNhs9kOPw,https://www.youtube.com/channel/UCHkKf85AxbSM_IFNhs9kOPw,2018-11-17,28800,3123516,397,7868,1,1986,0.25,[논어강의 032] 공자와 칸트의 인간론 - 칠십이종심소욕 불유구,1986,0.07,1
미남이 책방,UCmmG2m8EU-IwaUUXTzPG9Kw,https://www.youtube.com/channel/UCmmG2m8EU-IwaUUXTzPG9Kw,2023-07-12,27500,2527576,108,23403,1,3012,0.13,"니체와 장자는 이렇게 말했다/오디오북,책리뷰,책읽어주는남자,삶의 지혜,니체,장자,고전,명언",3012,0.11,1
잼공스토리,UCQrSiQCjGAXxWgKAwgVsIRw,https://www.youtube.com/channel/UCQrSiQCjGAXxWgKAwgVsIRw,2024-11-02,27400,17306260,634,27297,1,5625,0.21,"쇼펜하우어와 니체, 고통의 해석 #마음공부 #불교철학 #명언",5625,0.21,1
마음햇살,UCXT53VO-RtUOwCyiVKXR5RQ,https://www.youtube.com/channel/UCXT53VO-RtUOwCyiVKXR5RQ,2012-11-05,21800,13893291,989,14048,1,22376,1.59,“사는 게 왜 이렇게 허전하냐고요” — 90대 고승의 조언 #불교명상 #인생조언 #쇼츠,22376,1.03,0
인생명언공감📚,UCEbt91pJZpTkf5jjzjSFQsw,https://www.youtube.com/channel/UCEbt91pJZpTkf5jjzjSFQsw,2025-06-19,19400,21358666,3736,5717,1,124,0.02,4대 성인의 인생 지혜 4가지 | 부처·공자·예수·소크라테스가 말한 진짜 삶의 답ㅣ삶의의미ㅣ삶의지혜ㅣ부처님의지혜ㅣ공자ㅣ예수ㅣ소크라테스ㅣ인생이야기ㅣ인생명언ㅣ공감이야기,124,0.01,1
말한조각,UCiFVK9aov4bwJQPOnxRP83w,https://www.youtube.com/channel/UCiFVK9aov4bwJQPOnxRP83w,2020-04-19,18400,29165730,628,46442,1,392463,8.45,역대 가장 지능이 높았던 철학자들의 명언 #철학 #명언 #지능 #니체 #소크라테스 #공자 #세네카 #쇼펜하우어 #발로란트 #기도 #삶 #지혜 #사람 #인생 #조언 #심리 #성공,392463,21.33,1
철학노트,UCIrooYAt7U6X2MgBaM9m9Rw,https://www.youtube.com/channel/UCIrooYAt7U6X2MgBaM9m9Rw,2025-07-29,17200,9287842,309,30058,1,40973,1.36,살면서 들었던 명언 중에 이게 가장 최고다 쇼펜하우어의 연극 이론 #쇼펜하우어 #니체 #석가모니 #맹자 #명언 #인생조언 #좋은글귀 #좋은글 #좋은말 #철학 #shorts,40973,2.38,1
밀리언마인드 A million mind,UCHffT4dVZeihTTzuGU9F3ww,https://www.youtube.com/channel/UCHffT4dVZeihTTzuGU9F3ww,2024-12-23,15100,1560256,225,6934,1,955,0.14,"마음의 풍요가 물질의 풍요를 부른다 | 동서양 지혜의 만남 | 명언모음 | 공자, 간디, 아리스토텔레스",955,0.06,1
북포스-좋은글 전문 채널,UC31FcUqMynmWDtQTzii1-Pg,https://www.youtube.com/channel/UC31FcUqMynmWDtQTzii1-Pg,2022-01-05,13700,2586494,339,7630,1,4895,0.64,니체와 장자가 알려주는 지혜,4895,0.36,1
정태홍tv,UCtO1wdZFBqyJ17G6L5GcX1g,https://www.youtube.com/channel/UCtO1wdZFBqyJ17G6L5GcX1g,2012-03-11,12800,3401489,1497,2272,1,1447,0.64,사탄에게무릎꿇은하이데거 2,1447,0.11,0
1분통찰,UCrrpVu_AcUU5zZMiqcURRiQ,https://www.youtube.com/channel/UCrrpVu_AcUU5zZMiqcURRiQ,2025-04-30,12600,5563603,313,17775,1,105370,5.93,상처 준 사람에게 이렇게 대해라 #shorts #인간관계 #철학 #니체 #쇼펜하우어 #행복 #지혜 #맹자 #좋은글귀,105370,8.36,1
붓다나라TV,UCr6dgnzDkuTaKjUpAKOUylQ,https://www.youtube.com/channel/UCr6dgnzDkuTaKjUpAKOUylQ,2020-03-29,12100,1790560,1142,1568,1,782,0.5,[즉문즉답9] 현상학과 불교 / #후설 #하이데거 #서양철학 #객관주의 #이원론 #이중표 #백남준,782,0.06,1
인문학발전소(Humanities Power Plant),UCwh0eW_nwiIAC9FFhvRNzHA,https://www.youtube.com/channel/UCwh0eW_nwiIAC9FFhvRNzHA,2013-01-24,11500,1082833,195,5553,1,264,0.05,"“죽음을 생각하면 삶이 바뀔까?” | 스토아, 불교, 하이데거가 전하는 인생 통찰",264,0.02,1
깨달음이 머무는 곳,UCAEF3mM5YQcP_o231fLRXmQ,https://www.youtube.com/channel/UCAEF3mM5YQcP_o231fLRXmQ,2025-05-05,11100,153020,101,1515,1,3275,2.16,"""'나'를 추적했더니 아무것도 없었습니다"" — 파파지가 말한 자유의 비밀",3275,0.3,0
독서스텔라,UCHRPx5ckqPv8gax0AUM8INg,https://www.youtube.com/channel/UCHRPx5ckqPv8gax0AUM8INg,2022-04-13,10900,583911,150,3893,1,443,0.11,[오디오] 인생처음 철학 공부! 철학 기본서의 바이블! 24명의 철학자와 23가지 철학 그리고 철학의 8가지 난제를 만나다,443,0.04,0
지식 나누리,UCDpXegLipUjD0XCOdpgKfUw,https://www.youtube.com/channel/UCDpXegLipUjD0XCOdpgKfUw,2023-01-13,10400,3338199,519,6432,1,7828,1.22,깊이를 알 수 없는 사람이란 # 노자.도덕경,7828,0.75,0
지혜의 붓다 MANTRA WAVY,UCZpp8uVX_v_lDj4gW-qOJag,https://www.youtube.com/channel/UCZpp8uVX_v_lDj4gW-qOJag,2024-12-08,7580,1005100,596,1686,1,422,0.25,불안과 걱정에서 자유로워지는 길 | 부처님과 스토아 철학 | 부처님말씀 | 부처님명언 | 스토아철학,422,0.06,1
다석 류영모의 생각교실,UC7ebvIGffNqWLH8Tl_UBnPA,https://www.youtube.com/channel/UC7ebvIGffNqWLH8Tl_UBnPA,2019-12-16,7490,783350,1445,542,1,421,0.78,"[한국 사상의 뿌리를 찾아서] 30화 하루가 일생이다, 예수의 시간을 살다",421,0.06,0
인생의 문장들,UC-ncuW7iVpM5Uh0HDZ5XfNA,https://www.youtube.com/channel/UC-ncuW7iVpM5Uh0HDZ5XfNA,2025-03-02,6140,2599466,195,13331,1,1436,0.11,"진짜 강한 사람은 조용히 이겨낸다 | 노자·세네카·공자 명언, 침묵과 인내의 철학#진짜강한사람 #침묵의힘 #인내의철학 #노자 #세네카 #공자 #shorts",1436,0.23,1
인생길산책,UCOozWZryOdYHln264FBJPTw,https://www.youtube.com/channel/UCOozWZryOdYHln264FBJPTw,2025-04-23,5950,2178401,145,15023,1,25946,1.73,스피노자의 명언 5가지ㅣ인생명언,25946,4.36,1
지식 한조각,UCewPh8NHXfc3FwcELGMA37g,https://www.youtube.com/channel/UCewPh8NHXfc3FwcELGMA37g,2022-06-04,5700,1505398,215,7002,1,1684,0.24,활 만드는 사람처럼 #석가모니,1684,0.3,0
" 진리탐구,사유를 넘어서",UCCnqRkK8S3dzyu_9jMzOo0g,https://www.youtube.com/channel/UCCnqRkK8S3dzyu_9jMzOo0g,2025-08-27,5510,726060,270,2689,1,5681,2.11,진리탐구 1화 – 사유를 넘어서 : 철학·선·양자물리가 만나는 깨달음의 여정  #진리탐구 #사유를넘어서 #철학 #선불교 #양자물리 #깨달음 #명상 #현존 #의식  #존재 #진리,5681,1.03,0
10분의 지혜,UCpbaPzlyixY7lE1n2nPnAqg,https://www.youtube.com/channel/UCpbaPzlyixY7lE1n2nPnAqg,2025-01-10,4290,208900,87,2401,1,563,0.23,《행복은 어떻게 오는가 – 파스칼·니체·불교가 말한 마음의 평온》 | 오디오북 | 철학 | 심리 | 인문학 | 치유,563,0.13,1
좋은 책방,UCJNtfaCzsWMkZth0hMgDmTA,https://www.youtube.com/channel/UCJNtfaCzsWMkZth0hMgDmTA,2021-09-06,4220,295988,92,3217,1,167,0.05,"니체, 장자 그들은 이렇게 말했다ㅣ니체명언, 장자명언ㅣ좋은 책방ㅣASMR 잠 잘때 듣는 명언 오디오북",167,0.04,1
성천아카데미,UC-GI06B86dgEdlDeM7a_ycg,https://www.youtube.com/channel/UC-GI06B86dgEdlDeM7a_ycg,2019-03-27,4180,854592,2159,396,1,590,1.49,동양사상에 관심을 가졌던 마르틴 하이데거,590,0.14,0
사피엔스히스토리,UCyw8MVwOaUbW8ensTg4tWrQ,https://www.youtube.com/channel/UCyw8MVwOaUbW8ensTg4tWrQ,2025-12-19,4060,717431,23,31193,1,1796,0.06,축의 시대 인간은 왜 갑자기 똑똑해졌나 (공자·붓다·소크라테스·플라톤·아리스토텔레스),1796,0.44,1
AI가 읽은 철학,UCoglaYe-TIiEAI_7o_6oT6g,https://www.youtube.com/channel/UCoglaYe-TIiEAI_7o_6oT6g,2025-04-24,3940,1308197,475,2754,1,1483,0.54,"모든 걸 내려놓았을 때, 비로소 보이는 것들 – 불교·스토아·프롬의 내려놓음의 철학 | AI가 읽은 철학 Ep.82 #인생조언 #인생명언",1483,0.38,1
마음정원,UCCwHcYVUxelD1MCoTF7vCNg,https://www.youtube.com/channel/UCCwHcYVUxelD1MCoTF7vCNg,2025-01-05,3940,404775,79,5124,1,2155,0.42,"인생은 나선형이다, 헤겔이 말하는 성장의 변증법 #헤겔 #철학 #인생조언 ",2155,0.55,0
홍순원 인문학 연구소,UCfIOEha8_7pSTGg7fUBFprQ,https://www.youtube.com/channel/UCfIOEha8_7pSTGg7fUBFprQ,2019-03-13,3480,480040,297,1616,1,4196,2.6,인문학의 혁명  - 칸트 Ⅰ,4196,1.21,0
밤길지혜,UCHVYq5fN8wLUXUXzi3GuCMw,https://www.youtube.com/channel/UCHVYq5fN8wLUXUXzi3GuCMw,2026-06-22,3180,1148989,58,19810,1,62818,3.17,지옥에서 나를 꺼내준 니체의 인생 조언,62818,19.75,0
잘사는플라톤,UCle8iFQp_XdQ7xl2qkpzG4Q,https://www.youtube.com/channel/UCle8iFQp_XdQ7xl2qkpzG4Q,2023-04-03,3070,2290882,209,10961,1,2650,0.24,공자 VS 아리스토텔레스,2650,0.86,1
자재공덕사,UClSyF6QgI4AdOt_D86Uv--A,https://www.youtube.com/channel/UClSyF6QgI4AdOt_D86Uv--A,2013-01-02,2890,676074,515,1313,1,473,0.36,현재를 잃고 미래만 기다리는 사람들｜쇼펜하우어와 불교의 통찰 #인생조언 #쇼펜하우어 #불교명언,473,0.16,1
I AM THAT ch.,UCT-fJJM_s0kzLBI95wSbyew,https://www.youtube.com/channel/UCT-fJJM_s0kzLBI95wSbyew,2023-02-01,2840,535037,1185,452,1,337,0.75,"실존주의, 세계의 붕괴",337,0.12,0
알밤T,UCN_t3uDaR9gx1nvYij2J-6Q,https://www.youtube.com/channel/UCN_t3uDaR9gx1nvYij2J-6Q,2020-02-17,2590,452490,279,1622,1,600,0.37,"12강 덕윤리(1) 아리스토텔레스 / 생활과윤리, 현대사회와윤리",600,0.23,0
바로보는 불교,UCiv3rn7pmX2OZE_ZKWtnM4Q,https://www.youtube.com/channel/UCiv3rn7pmX2OZE_ZKWtnM4Q,2021-09-12,2440,330603,422,783,1,253,0.32,'지금 여기' 에 대한 고찰,253,0.1,0
내게온철학,UCGrmHH5ior63L5c7GINkQLg,https://www.youtube.com/channel/UCGrmHH5ior63L5c7GINkQLg,2025-05-21,2260,280212,169,1658,1,85,0.05,"어떻게 살아야, 잘 사는 것인가? | 소크라테스, 아리스토텔레스, 에픽테토스, 세네카, 공자, 맹자. 6인의 철학자가 말한 진짜 삶의 기준 | 인생을 바꾸는 명언 | 오디오북",85,0.04,1
지혜의숲과나무,UCnD86jSUbdNP4MoNWsjKW_Q,https://www.youtube.com/channel/UCnD86jSUbdNP4MoNWsjKW_Q,2025-12-21,2120,290305,91,3190,1,140,0.04,"""손절해야 할 사람 특징 3가지: 공자와 아리스토텔레스가 말하는 후회 없는 인간관계 정리법""",140,0.07,1
스토리라인 인문학교TV,UCi14EXiitQIVanNUHB5UHdg,https://www.youtube.com/channel/UCi14EXiitQIVanNUHB5UHdg,2018-12-18,2110,198013,456,434,1,47,0.11,"[들뢰즈가 만든 철학사] 4장 스피노자, 마르시알 게루의 일반적 방법",47,0.02,1
인생의비밀,UCWxs8mQWSNcDl8LsMxwlIMw,https://www.youtube.com/channel/UCWxs8mQWSNcDl8LsMxwlIMw,2023-08-28,2060,246539,48,5136,1,16,0,쇼펜하우어 행복에 대한 조언  |  석가모니 | 명언  | 법륜스님 | 인생조언 |  인간관계 | 지혜 |  철학 | 불교 |  오디오북 |  좋은글|  즉문즉설,16,0.01,1
Hyung Movie,UCqawOLOMY9uz1Mtk5IPOdPw,https://www.youtube.com/channel/UCqawOLOMY9uz1Mtk5IPOdPw,2012-09-27,2030,912996,736,1240,1,341,0.27,장자와 니체가 갈구한 자유에 대하여....양승권 (대구대 교수),341,0.17,1
삼성테크노글라스TV,UCPjh4cjI36CiC2aJvvjVmPw,https://www.youtube.com/channel/UCPjh4cjI36CiC2aJvvjVmPw,2017-04-19,1900,634357,3078,206,1,64,0.31,소크라테스 공자 예수 석가는 왜 4대 성인인가?,64,0.03,1
라이프홈 ,UCM8BmsdqBEwyXdEOj0U0eQQ,https://www.youtube.com/channel/UCM8BmsdqBEwyXdEOj0U0eQQ,2026-01-28,1880,5083338,1001,5078,1,133268,26.24,인류의 위대한 스승 4인이 남긴 인생 명언 #shorts,133268,70.89,0
쇼비즈SHOWVidz,UCddUk2Kz0zok2SiDo6h0Zmw,https://www.youtube.com/channel/UCddUk2Kz0zok2SiDo6h0Zmw,2018-12-01,1840,1335332,75,17804,1,50819,2.85,"역사속 인물 랩배틀 소크라테스, 니체, 볼테르 vs 공자, 노자, 손자",50819,27.62,1
고요한말씨앗,UCALkUC4IlummWYOYL8phnQQ,https://www.youtube.com/channel/UCALkUC4IlummWYOYL8phnQQ,2025-05-25,1770,893187,121,7382,1,1700,0.23,똑똑한 사람이 인간관계 실패하는 진짜 이유,1700,0.96,0
"교대, 사대 면접 전문 KC 에듀",UCMjCN92rifHknv9f7hP28LA,https://www.youtube.com/channel/UCMjCN92rifHknv9f7hP28LA,2018-05-26,1500,370898,745,498,1,65,0.13,교대면접 ㅡ 소크라테스와 공자는 만나지 못했음에도 어떻게 통했을까?,65,0.04,1
매일명언,UCCuIo5CvSQ4BHqPhgx2WdRA,https://www.youtube.com/channel/UCCuIo5CvSQ4BHqPhgx2WdRA,2021-03-29,1450,245992,739,333,1,35,0.11,"인생을 뒤집는 철학자들의 비밀 니체,장자,벤자민 프랭클린 | 철학자 | 명언 |",35,0.02,1
무상의시선,UCpHOBxa3REyNAk-ZdAUbXFQ,https://www.youtube.com/channel/UCpHOBxa3REyNAk-ZdAUbXFQ,2025-04-21,1310,349413,224,1560,1,748,0.48,쇼펜하우어가 불교를 최고의 종교라고 한 이유,748,0.57,1
빠른 철학,UCeWaQzkPsrcmbSxzCNGGUMA,https://www.youtube.com/channel/UCeWaQzkPsrcmbSxzCNGGUMA,2023-02-13,1230,725699,82,8850,1,65,0.01,인생은 나를 찾는 여정이어야 한다 | 니체와 노자가 강조했던 오리지널리티 | 철학,65,0.05,1
인생철학론,UClFGiSYOPeuLl6ujHGysvnA,https://www.youtube.com/channel/UClFGiSYOPeuLl6ujHGysvnA,2025-09-04,1200,268218,101,2656,1,25,0.01,"같은 고통, 다른 길｜쇼펜하우어 vs 부처",25,0.02,1
BOOK BOOK BOOK,UCSAf9vIw93Fj4azDSaXJOQg,https://www.youtube.com/channel/UCSAf9vIw93Fj4azDSaXJOQg,2023-04-11,1190,411982,1853,222,1,116,0.52,[01월 신간도서] [인문] 나를 채우는 일상 철학 / 저자 : 알랭 드 보통 / 번역 : 정은주 / 출판사 : 오렌지디,116,0.1,0
밤의 철학자,UCNGuLwOUJQj9aMWgwi1JHvA,https://www.youtube.com/channel/UCNGuLwOUJQj9aMWgwi1JHvA,2018-08-08,1190,213659,185,1155,1,80,0.07,"""혼자있는 시간이 당신을 강하게 만든다.""  #니체 #장자 #고독의힘 #철학쇼츠 #인생조언 #자기성찰 #외로움극복 #마음공부 #삶의지혜 #나답게살기",80,0.07,1
투어엔젤스 USA 보식 TV,UCkJSoCiXaBie4wA1EaQoBxQ,https://www.youtube.com/channel/UCkJSoCiXaBie4wA1EaQoBxQ,2006-08-12,1100,580683,773,751,1,227,0.3,즐기는 사람이 결국 이긴다! | 공자 & 소크라테스의 인생 철학,227,0.21,1
철학 한 스푼,UCyyEvNWEcM9ZFMAxVRVANMg,https://www.youtube.com/channel/UCyyEvNWEcM9ZFMAxVRVANMg,2025-05-07,1070,426442,180,2369,1,1679,0.71,아이를 키우는 건 결국 내가 어른이 되는 과정이다.  #인생조언 #인생명언 #자기계발 #동기부여 #인간관계 #쇼펜하우어 #철학 #데카르트 #좋은글 #석가모니 #니체 #노자 #맹자,1679,1.57,1
위대한 역사 여행,UCVn2290Gxu4lC5JznFL6_pA,https://www.youtube.com/channel/UCVn2290Gxu4lC5JznFL6_pA,2024-10-21,1040,598187,149,4015,1,709,0.18,역사를 바꾼 위대한 스승! 한 사람의 가르침이 만든 기적!!,709,0.68,0
철학하는 심리학,UCMJdy0orG8S8-0muI2tlrnQ,https://www.youtube.com/channel/UCMJdy0orG8S8-0muI2tlrnQ,2025-09-25,1010,214276,99,2164,1,583,0.27,지나치게 빠른 세상 속에서 진짜 나를 찾는 법﻿#심리학 #철학 #위로 #명상 #하이데거 #노자 #쇼펜하우어,583,0.58,1
쇼펜하우어 인생수업,UCDf55ecwEavMLxS4cclACmQ,https://www.youtube.com/channel/UCDf55ecwEavMLxS4cclACmQ,2025-12-03,1000,44419,27,1645,1,317,0.19,쇼펜아우어의 인생여정 #쇼펜하우어 #니체 #헤겔 #인생역전 #명언 #철학 #좋은글 #인생조언 #불교,317,0.32,1
21세기 인문학(정일권 박사 TV),UCKdfkge53kSfkT2jSi1Hzeg,https://www.youtube.com/channel/UCKdfkge53kSfkT2jSi1Hzeg,2011-03-04,990,74121,394,188,1,82,0.44,프리드리히 니체의 유대-기독교에 대한 가치전복(문화전쟁) vs 르네 지라르의 변호(페터 슬로터다이크의 지라르 저서 후기). 슬로터다이크의 요가 수행. 영국 상인 vs 독일 전사,82,0.08,1
연화경전,UCVDe7zyiFhAU8Bzqeo0xyKA,https://www.youtube.com/channel/UCVDe7zyiFhAU8Bzqeo0xyKA,2025-10-08,928,238846,344,694,1,45,0.06,부처님말씀|쇼펜하우어와 부처님의 인연|불교사상교리|마음수행|명상음성|연화경전|자비|마음치유|불교이야기|깨달음|석가모니|오디오북|철학|삶의지혜|힐링명상|,45,0.05,1
지혜의문,UCSrYR0LfIfiNfkQ5X10sCnQ,https://www.youtube.com/channel/UCSrYR0LfIfiNfkQ5X10sCnQ,2022-12-11,906,1000134,449,2227,1,5350,2.4,헤겔에 대한 놀라운 사실 3가지,5350,5.91,0
베리굿지식1004,UC7jQ1n-EwG09QgedcaMIOkw,https://www.youtube.com/channel/UC7jQ1n-EwG09QgedcaMIOkw,2023-08-14,905,83781,67,1250,1,6900,5.52,[인도철학요가] 쇼펜하우어가 극찬한 우파니샤드(upanisad) l 인류정신의 만든 최고의 경전,6900,7.62,1
몸들의 살림살이,UCjsYeKHaqDg-692JySw12Ng,https://www.youtube.com/channel/UCjsYeKHaqDg-692JySw12Ng,2010-05-20,899,164879,369,447,1,67,0.15,"코로나는 박멸할 수 없습니다, 어떻게 같이 춤출 것인가의 문제입니다 | 위드 코로나와 노자 도덕경 (강신익 교수)",67,0.07,0
청소년을 위한 고전인문철학수업,UCcrLqCbdbi3O6dTzcrVdiQQ,https://www.youtube.com/channel/UCcrLqCbdbi3O6dTzcrVdiQQ,2020-11-29,866,53476,477,112,1,28,0.25,"9-3. 소크라테스, 노자, 베르그공, 하이데거, 칼릴지브란의 말",28,0.03,1
이야기해주네 | THINK WITH ZUNE,UCeinb8Fw-BkVt25X2G_Rwsg,https://www.youtube.com/channel/UCeinb8Fw-BkVt25X2G_Rwsg,2021-10-14,852,107252,64,1676,1,356,0.21,"모든 스트레스의 근원은 ‘남’이다 – 노자,선종,스토아 학파의 공통 스트레스 해결책",356,0.42,1
나나,UCGdCTIJWohOTRGXiwjVpiEw,https://www.youtube.com/channel/UCGdCTIJWohOTRGXiwjVpiEw,2026-03-21,846,51860,75,691,1,18,0.03,"고전 공자,소크라테스, 맹자, 노자의 MBTI 흥미로운분석 #공자, #맹자, #노자 ,#소크라테스, #공자분석, #일상, #재미 ,#흥미,",18,0.02,1
[살롱드미셸] 미셸책소리,UCLYzQL1sdcNBMPauEo58-HQ,https://www.youtube.com/channel/UCLYzQL1sdcNBMPauEo58-HQ,2011-11-23,806,128566,501,257,1,16,0.06,"[그녀의북살롱]  세계를 어떻게 해석할 것인가_생각하는 힘, 노자 인문학_최진석",16,0.02,0
친절한 철학도감,UCMfW7z_q3pXPFZIUi0BVhqQ,https://www.youtube.com/channel/UCMfW7z_q3pXPFZIUi0BVhqQ,2025-04-27,772,87324,166,526,1,61,0.12,쇼펜하우어와 부처님이 전하는 인생 후반전의 지혜,61,0.08,1
낭만여행,UCnt9N8Bckc31mQleRU2TbVQ,https://www.youtube.com/channel/UCnt9N8Bckc31mQleRU2TbVQ,2018-12-04,761,191713,1254,153,1,34,0.22,선불교와 실존주의,34,0.04,1
인생길에서 ,UCYS7B6i09GS6dh69oj2TKhQ,https://www.youtube.com/channel/UCYS7B6i09GS6dh69oj2TKhQ,2022-12-13,725,83363,263,317,1,55,0.17,마음공부|내 권한 밖에 것들을 바라지 말라/스토아 철학/깨달음을 얻게 된다|깨달음,55,0.08,0
인사이트 쉘터 (Insight Shelter),UCPdSF2YsqnP9WUAWBXeEAoQ,https://www.youtube.com/channel/UCPdSF2YsqnP9WUAWBXeEAoQ,2026-01-04,717,293251,154,1904,1,2311,1.21,"인생 바꾸는 사람들의 공통점(ft. 아리스토텔레스, 공자)",2311,3.22,1
황상규TV,UCeCl-H9Un_CSEcNKRHfjZBA,https://www.youtube.com/channel/UCeCl-H9Un_CSEcNKRHfjZBA,2019-10-13,705,377272,98,3850,1,7886,2.05,6. 공자의 도덕주의와 칸트의 인격주의/어떻게 할것인가? -황상규의 철학이야기,7886,11.19,1
불철미,UCJrFpvK3bqlVqxvl_0AunTA,https://www.youtube.com/channel/UCJrFpvK3bqlVqxvl_0AunTA,2025-07-07,616,18974,24,791,1,820,1.04,한병철 『선불교의 철학』: 서양 철학을 깨우는 동양의 한 방,820,1.33,0
종교와 철학의 대화,UCUvfQTks6yJkLfWxHYdvMDA,https://www.youtube.com/channel/UCUvfQTks6yJkLfWxHYdvMDA,2011-08-17,581,57562,254,227,1,58,0.26,"제 1부  교토학파 개론  선불교와 서양 철학의 비교 | D T  스즈키, 니시다 기따로, 마사오 아베",58,0.1,0
내 안의 붓다,UCG-9Q6dudIfEdNtWqHmbp3Q,https://www.youtube.com/channel/UCG-9Q6dudIfEdNtWqHmbp3Q,2026-02-03,544,25570,32,799,1,69,0.09,서양 염세주의 철학자 쇼펜하우어가 만난 동양의 해탈,69,0.13,0
바람책방,UCWBHeMrtHgqcwLGfHLB5ZYA,https://www.youtube.com/channel/UCWBHeMrtHgqcwLGfHLB5ZYA,2013-08-04,541,45905,126,364,1,52,0.14,[반야심경 이야기] 5차시 - 반야심경과 명상록｜불교와 스토아 철학이 만나는 지점,52,0.1,1
감정회복실(Mind Atelier),UCoHd98l0Bp7Rl2Y26SjEb1A,https://www.youtube.com/channel/UCoHd98l0Bp7Rl2Y26SjEb1A,2020-02-05,536,335121,382,877,1,365,0.42,《니체 명언》 삶을 사랑하라｜다시 살기를 원하도록 만드는 힘,365,0.68,0
철학의 망치,UCIhETWTR_JffxR3sSutMUnA,https://www.youtube.com/channel/UCIhETWTR_JffxR3sSutMUnA,2015-11-23,521,113193,69,1640,1,253,0.15,물처럼 살아라. 노자,253,0.49,0
1분 지혜,UCJx4dyDkauEpQWw3REL7Flg,https://www.youtube.com/channel/UCJx4dyDkauEpQWw3REL7Flg,2025-04-08,475,345743,139,2487,1,1400,0.56,지금 내가 지옥에있는이유#마음공부 #마음#철학명언 #니체#석가모니#쇼펜하우어 #동기부여 #인생지혜#천국보다아름다운 #천국과지옥,1400,2.95,1
Mix&Mix 믹스앤믹스,UCRp9bqfXM53BSsSyDYcscaw,https://www.youtube.com/channel/UCRp9bqfXM53BSsSyDYcscaw,2021-07-23,415,181401,60,3023,1,0,0,명언낭독 - 윈스턴처칠 노자 소크라테스 공자 스피노자 토마스풀러 니체 히포크라테스,0,0,1
인생명언라디오,UCcP2j4XHkrvdk5V_nVInfQw,https://www.youtube.com/channel/UCcP2j4XHkrvdk5V_nVInfQw,2026-04-03,409,125682,124,1014,1,45,0.04,"70 넘으면 말보다 침묵이 힘입니다 노자, 소크라테스, 마르쿠스 아우렐리우스의 인생론 처세술 | 품격 | 인생조언 | 오디오북",45,0.11,1
J12 TV,UCWwd71sXIcEUOJcWtVM9a9A,https://www.youtube.com/channel/UCWwd71sXIcEUOJcWtVM9a9A,2021-05-16,406,57546,146,394,1,111,0.28,석가(불교) 공자(유교) 소크라테스(철학) 왜 길이 아닌가?,111,0.27,1
생각공감,UCEQntfrwmnkGm4oGzqrS4Ww,https://www.youtube.com/channel/UCEQntfrwmnkGm4oGzqrS4Ww,2025-11-28,406,835195,214,3903,1,58,0.01,성장환경이 인생을 좌우하는 이유 | 탈무드 | 공자 | 아리스토텔레스 | 법정 | 오프라윈프리 | 인생을 바꾸는 명언,58,0.14,1
철학한스푼,UCS-XMqjcaYCtqeVrIr5MAaQ,https://www.youtube.com/channel/UCS-XMqjcaYCtqeVrIr5MAaQ,2023-03-31,381,40085,62,647,1,35,0.05,모르면 인생 망하는 3가지  #인생명언 #소크라테스 #니체 #니체의말 #니체명언 #공자 #공자명언 #삶의지혜 #철학명언 #모르면손해 #지혜로운삶,35,0.09,1
존재의 재발견,UCaKNORL9mGOgoqQhR09PofQ,https://www.youtube.com/channel/UCaKNORL9mGOgoqQhR09PofQ,2022-12-15,381,71196,200,356,1,1078,3.03,"애쓰지 마라, 밥 먹고 잠자는 게 전부다 | 사유의 지대방",1078,2.83,0
지혜 보관소,UCMTjfaVp4U3QkdswXbCaELw,https://www.youtube.com/channel/UCMTjfaVp4U3QkdswXbCaELw,2023-01-14,379,144576,213,679,1,37,0.05,50대 이후 이것만 알아도 삶이 달라진다~#소크라테스#아리스토텔레스#공자#세네카#에픽테토스#칸트#니체,37,0.1,1
인포 다이어리,UC0WzVwOpI9g3nb7m2QNSs_w,https://www.youtube.com/channel/UC0WzVwOpI9g3nb7m2QNSs_w,2025-05-21,342,901122,605,1489,1,1081,0.73,삶과 죽음을 탐구한 철학자들! #소크라테스 #하이데거 #카뮈 #실존주의 #철학자,1081,3.16,0
별 읽는 스님,UCmK8_1SOa_4tGWBIIjxGXjQ,https://www.youtube.com/channel/UCmK8_1SOa_4tGWBIIjxGXjQ,2015-02-28,322,117020,203,576,1,171,0.3,니체 왜 불교를 버렸나? #니체,171,0.53,1
뜨르TV,UCh5uwDiIHSBqgHEkU8q4VAw,https://www.youtube.com/channel/UCh5uwDiIHSBqgHEkU8q4VAw,2025-09-08,281,175986,303,581,1,30,0.05,종교철학산책 12 선(禪)은 철학이 될 수 있는가? - 아베 마사오의 출발점,30,0.11,0
망상교실,UCmloWpPzWzyFUeqonchIzMw,https://www.youtube.com/channel/UCmloWpPzWzyFUeqonchIzMw,2013-03-06,238,548578,104,5275,1,358,0.07,4대성인이 맞짱을 뜬다면?part1. #4대성인 #예수 #석가모니 #공자 #소크라테스 #맞짱,358,1.5,1
지혜와 철학,UC-wBixAHcMKZbbE-l8xeQmw,https://www.youtube.com/channel/UC-wBixAHcMKZbbE-l8xeQmw,2023-01-29,189,10252,17,603,1,506,0.84,[1분 철학] 번지르르한 말은 미덥지 않다 - 노자,506,2.68,0
고당(동천)의 생생적덕,UClZbNuTgcQcyvlaWfjOMMrg,https://www.youtube.com/channel/UClZbNuTgcQcyvlaWfjOMMrg,2020-04-11,188,44018,476,92,1,281,3.04,[동천 노자도덕경] 1장-3강. 노자와 비트겐슈타인의 진리인식과 언어문자관은? (원문수정同出而異名),281,1.49,1
나성댁 TV,UCj8z_LOmtBB1lAQiWzvtxXA,https://www.youtube.com/channel/UCj8z_LOmtBB1lAQiWzvtxXA,2023-03-10,182,91915,146,630,1,186,0.3,"[나를 일으키는 6명의 삶에 대한 명언] 아리스토텔레스, 공자, 석가모니, 예수, 소크라테스, 쇼펜하우어",186,1.02,1
sleep music,UCcoEUt_QMojAYNIBw5-UFSQ,https://www.youtube.com/channel/UCcoEUt_QMojAYNIBw5-UFSQ,2019-03-19,170,96325,599,161,1,199,1.24,아리스토텔레스의 인생조언ㅣ #긍정의말 #명언 #공자 #오디오북 #삶의지혜 #공감글귀 #긍정적마인드 #멋진글귀 #인생명언 #좋은글,199,1.17,1
매일듣는철학,UCxqU1STxFotu7gIIOBQHeIw,https://www.youtube.com/channel/UCxqU1STxFotu7gIIOBQHeIw,2026-01-07,161,110912,113,982,1,1030,1.05,"((철학 그 어딘가))#shorts ""침묵의 철학: 말할 수 없는 것에 대하여""",1030,6.4,0
철학공감-BD,UCYQsM1MsHzOrrt0i73Ag3ig,https://www.youtube.com/channel/UCYQsM1MsHzOrrt0i73Ag3ig,2025-12-17,160,115249,328,351,1,239,0.68,칸트의 서양 철학 사상이 조선 후기 유학과  만남에 미친 숨겨진 영향,239,1.49,0
엉클디,UCI3SEkgF-1Y0T-Lq6CbUCaw,https://www.youtube.com/channel/UCI3SEkgF-1Y0T-Lq6CbUCaw,2025-02-06,157,11577,66,175,1,111,0.63,카오스에서 기까지 공간 개념,111,0.71,0
인생을 밝히는 철학,UCLm9GYRLZic0P7NoxW3V9TQ,https://www.youtube.com/channel/UCLm9GYRLZic0P7NoxW3V9TQ,2025-12-06,153,31596,53,596,1,32,0.05,"[노자와 니체]""AI가 두려운 당신에게 | 기계가 빨라질수록 인간은 느려져야 하는 이유""""70-80대가 꼭 알아야 할 AI 시대 생존법 | 노자와 니체가 전하는 철학""#오디오북",32,0.21,1
우주와 하나,UCu1aMq1A91MwDtV8ebQcNkA,https://www.youtube.com/channel/UCu1aMq1A91MwDtV8ebQcNkA,2025-12-13,140,47844,81,591,1,27,0.05,아모르 파티. 운명을 사랑하라 (불교·스토아가 답합니다) | 붙잡지 않는 삶 | 에크하르트 톨레 | 마이클 싱어 | 신나이 | 바이런 케이티,27,0.19,1
"오늘밤,옛날",UCyNaacn37iuGGfudG0vFnNw,https://www.youtube.com/channel/UCyNaacn37iuGGfudG0vFnNw,2025-12-25,137,24770,34,729,1,35,0.05,"맨발의 소크라테스 vs 밥상 까다로운 공자, 2,500년 전 건강 비밀",35,0.26,1
마음의 평화,UCrtN6e-bMti09gcFJMsrfAA,https://www.youtube.com/channel/UCrtN6e-bMti09gcFJMsrfAA,2025-03-10,135,13252,75,177,1,19,0.11,내면의 평화는 나에게서 비롯된다 스토아 명언 스토익하다 금욕주의.,19,0.14,0
글로벌 타임머신,UC5UsBYSIgpTzS2cBH4f8lTg,https://www.youtube.com/channel/UC5UsBYSIgpTzS2cBH4f8lTg,2025-02-20,134,212165,181,1172,1,366,0.31,고대인은 어떻게 자기계발을 했을까?   #철학자#세네카#소크라테스#공자#자기계발#자기성찰,366,2.73,1
한 문장 마음수업,UC07kb2txyQfYXqPjsENeU8w,https://www.youtube.com/channel/UC07kb2txyQfYXqPjsENeU8w,2024-04-14,129,40358,112,360,1,1118,3.1,왜 착한 사람은 무시당할까? 스토아·니체·노자의 3가지 지혜,1118,8.67,1
명상철학,UCRLMUxU_K4ArDjjUSvkRjAw,https://www.youtube.com/channel/UCRLMUxU_K4ArDjjUSvkRjAw,2025-06-10,124,51550,34,1516,1,5033,3.32,현명한 사람은 이렇게 손절한다#좋은글귀 #명언 #공감글귀 #좋은말 #철학#지혜#쇼펜하우어 #니체 #공자#소크라테스#명상,5033,40.59,1
uphotopia,UCQgy4yudUnoAmV0SV18l3uA,https://www.youtube.com/channel/UCQgy4yudUnoAmV0SV18l3uA,2018-03-23,107,761552,224,3400,1,54,0.02,"예수, 부처, 소크라테스, 공자 공통점",54,0.5,1
인싸77,UCQbKmIhhQknbuXQhTqN8uiw,https://www.youtube.com/channel/UCQbKmIhhQknbuXQhTqN8uiw,2025-07-04,93,125298,23,5448,1,697,0.13,"부처,공자,예수,소크라테스..한줄로만 요약하면..? #부처님 #예수님 #공자 #소크라테스",697,7.49,1
이예찬 Yechan Lee,UC2kYymNerM2SjwY-nSA1OiQ,https://www.youtube.com/channel/UC2kYymNerM2SjwY-nSA1OiQ,2015-11-18,77,662835,962,689,1,13,0.02,숲 자체를 없애라.,13,0.17,0
하루의 지혜 by foubi | Daily Calm Quotes by Foubi ,UCjNnqLyPHfOqE1NXIfs9NxQ,https://www.youtube.com/channel/UCjNnqLyPHfOqE1NXIfs9NxQ,2022-06-06,73,23260,41,567,1,15,0.03,마음의 평온을 찾는 법| 불교와 쇼펜하우어의 지혜,15,0.21,1
ABC65,UChyqkH-aT4cCPkx8DFLjrnQ,https://www.youtube.com/channel/UChyqkH-aT4cCPkx8DFLjrnQ,2021-07-23,68,71683,126,569,1,5,0.01,잠자기전에 들으면 즉시잠듬 명언 낭독 - 아리스토텔레스 공자 스피노자 헬렌켈러 세네카 빌 게이츠 노자 등 등,5,0.07,1
1분 철학,UCFOT8VDQHRI0ylriU-cQ3Rg,https://www.youtube.com/channel/UCFOT8VDQHRI0ylriU-cQ3Rg,2025-08-21,66,50646,48,1055,1,1190,1.13,아리스토텔레스가 말하는 친구,1190,18.03,0
사유의 온도,UCm3Uwo7xh26QD0lRuyFqFqA,https://www.youtube.com/channel/UCm3Uwo7xh26QD0lRuyFqFqA,2025-09-26,65,36799,28,1314,1,1053,0.8,아리스토텔레스 명언 TOP5  | 철학 | 삶의지혜 | 명언숏츠 | 마음치유 | 자기성찰,1053,16.2,0
빈빈책방,UCqtmqhrXypRwOHir2VSRluw,https://www.youtube.com/channel/UCqtmqhrXypRwOHir2VSRluw,2020-12-21,59,4273,11,388,1,119,0.31,『배움의 공자와 물음의 소크라테스』 이응구 ｜ 작가 인터뷰,119,2.02,1
일일신선 : 오디오로 듣는 선현의 지혜,UCyR1JSbhN9U4YiRWTjdCX5Q,https://www.youtube.com/channel/UCyR1JSbhN9U4YiRWTjdCX5Q,2025-07-11,57,6769,275,25,1,29,1.18,절간소녀와 빔(空)의 철학 21 부록: 공 철학의 학자들과 주요 이론,29,0.51,0
삶의 등대,UCcisioyqEsjxGWbjGYX5SoQ,https://www.youtube.com/channel/UCcisioyqEsjxGWbjGYX5SoQ,2025-04-25,56,6871,45,153,1,301,1.97,걱정이 너무 많은 당신에게: 인생을 가볍게 사는 쇼펜하우어의 인생수업 ㅣ 불교 지혜 ㅣ인생명언 ㅣ 철학 ㅣ 오디오북 ㅣ힐링,301,5.38,1
금화세계 시와 진리 사랑 나눔,UCdi6qE8UVdfG6t_lBNCsUxA,https://www.youtube.com/channel/UCdi6qE8UVdfG6t_lBNCsUxA,2016-04-23,54,23209,751,31,1,8,0.26,금화승 전언 352ㆍ1(광명장여래불),8,0.15,0
Great Minds,UCDgu5Arg3bi9175xAikkVOQ,https://www.youtube.com/channel/UCDgu5Arg3bi9175xAikkVOQ,2025-09-23,53,27058,26,1041,1,1390,1.34,"목표앞에막막할때 ""노자""명언쇼츠, 위인·성인 한 문장으로 하루를 밝히는 쇼츠 #명언모음 #명언 #명언쇼츠",1390,26.23,0
현자의 뜰,UCt7djOwREgX7wIf0_W7E6PQ,https://www.youtube.com/channel/UCt7djOwREgX7wIf0_W7E6PQ,2025-06-16,47,13962,19,735,1,1816,2.47,'가족'이라는 숙제를 푸는 10가지 지혜ㅣ공자ㅣ파스칼ㅣ아리스토텔레스ㅣ탈무드ㅣ철학자ㅣ인생명언ㅣ가족갈등ㅣ인간관계ㅣ마음공부,1816,38.64,1
부드러운 직선,UCAcGxxXgGalCp1-0FaCQg6g,https://www.youtube.com/channel/UCAcGxxXgGalCp1-0FaCQg6g,2012-06-05,43,26904,67,402,1,252,0.63,인간관계 / 적당한 거리/ 경계 #인간관계  #명언  #공자 #아리스토텔레스,252,5.86,1
법음,UC9f1O9t2DcQbmcMP-X_CZ6Q,https://www.youtube.com/channel/UC9f1O9t2DcQbmcMP-X_CZ6Q,2025-03-18,39,4807,46,105,1,17,0.16,내면의 평화는 나에게서 비롯된다  스토아 명언  스토익하다  금욕주의,17,0.44,0
우리는,UC-dUtd-QI81hadsaJHauf0Q,https://www.youtube.com/channel/UC-dUtd-QI81hadsaJHauf0Q,2026-01-13,37,20264,21,965,1,2625,2.72,"인생명언 5선, 공자 니체 노자가 답한다",2625,70.95,1
시니어 행복 철학 이야기,UC8-RrcMX_H8_70hRBQ_NihQ,https://www.youtube.com/channel/UC8-RrcMX_H8_70hRBQ_NihQ,2026-07-07,36,644,5,129,1,132,1.02,"노자가 들려주는 인생 후반전의 평안, 비울수록 행복해지는 이유",132,3.67,0
Eudaimonia,UCblaIdDUa-5oKwvz9L9v56g,https://www.youtube.com/channel/UCblaIdDUa-5oKwvz9L9v56g,2013-06-23,33,10764,254,42,1,3,0.07,장자와 데카르트: 메타인지의 동서양 비교,3,0.09,1
ABCD 65,UCNmvpwbT728g0DOBWsNHF_w,https://www.youtube.com/channel/UCNmvpwbT728g0DOBWsNHF_w,2021-07-23,31,29170,49,595,1,4,0.01,명언 낭독 - 토마스풀러 빌 게이츠 노자 아리스토텔레스 공자 스피노자 기타 등등,4,0.13,1
INTER VITAS,UCF7gHN7Kp4njNwwJZWFmS-w,https://www.youtube.com/channel/UCF7gHN7Kp4njNwwJZWFmS-w,2025-12-04,28,20580,95,217,1,188,0.87,성장인가 자기처벌인가 | 니체 vs 장자,188,6.71,1
TurnYourLife With Buddha,UCLhn9bNjUBG6TBZtkOMcECA,https://www.youtube.com/channel/UCLhn9bNjUBG6TBZtkOMcECA,2024-04-21,26,1649,26,63,1,33,0.52,"""행복""이란 단어를 지우면 행복해집니다 | 부처님과 쇼펜하우어가 알려주는 진짜행복을 찾는 9가지 방법",33,1.27,1
밤에 듣는 인문학,UCbKW9EXT9PFsEqW85AXIzaA,https://www.youtube.com/channel/UCbKW9EXT9PFsEqW85AXIzaA,2025-12-17,26,12998,13,1000,1,80,0.08,"내가 이렇게 무시 당해야하나?  | 공자,소크라테스,예수도 무시와 조롱당했다",80,3.08,1
부처와 니체의 대화,UCuLKfgYa20QNwrfKW-FksKQ,https://www.youtube.com/channel/UCuLKfgYa20QNwrfKW-FksKQ,2025-11-04,23,671,20,34,1,72,2.15,불교는 종교인가 철학인가? 니체와 함께 파헤쳐 봅니다,72,3.13,1
전태일인문학교실,UCdpOXm4_O-dCP0Ym__Y9KaA,https://www.youtube.com/channel/UCdpOXm4_O-dCP0Ym__Y9KaA,2020-09-06,23,1361,31,44,1,147,3.35,8강. 공자와 소크라테스의 공통점(1),147,6.39,1
차트남,UCJyaP7nUxfzFaeXBx87NDBQ,https://www.youtube.com/channel/UCJyaP7nUxfzFaeXBx87NDBQ,2013-10-30,22,989,56,18,1,44,2.49,"공자, 소크라테스 성인 교육철학",44,2,1
세컨드찬스,UCtI3TbyfTEaiUKZPFWrLGOw,https://www.youtube.com/channel/UCtI3TbyfTEaiUKZPFWrLGOw,2023-01-01,21,1652,8,207,1,67,0.32,"니체와 장자가 말하는 ""성공의 조건""",67,3.19,1
무한화서(無限花序),UCIADe56-WdyHcGntJVq53dQ,https://www.youtube.com/channel/UCIADe56-WdyHcGntJVq53dQ,2024-08-20,21,377,3,126,1,137,1.09,안규민 작가의 [무한화서 선공부] (2) 미래가 현재를 돕고 현재가 과거를 구한다,137,6.52,0
1분 마음,UCY5a61n3Gu5lhnMV_MnoqYw,https://www.youtube.com/channel/UCY5a61n3Gu5lhnMV_MnoqYw,2019-11-11,20,18216,34,536,1,424,0.79,서양철학|쇼펜하우어가 부처님의 제자? 삶은 고통이다|불교|욕망|철학|인생 #50대 #60대 #70대 #좋은글 #지혜 #명언 #자기계발 #쇼펜하우어 #불교 #부처님말씀,424,21.2,1
달빛마음곳간,UCpKCmkR0NyI09e69IU7vKXg,https://www.youtube.com/channel/UCpKCmkR0NyI09e69IU7vKXg,2026-04-11,19,15763,36,438,1,25,0.06,"혼자 있는 시간이 유독 두렵고 외롭게 느껴질 때/ 혼자인 시간이 두렵게 느껴지는 분들, 이 영상 보세요 / 외로움이 아니라 두려움입니다, 정체가 따로 있어요 / 마음심리",25,1.32,0
한입에세이,UCY4KBzU35UciYW-tmRbjlxA,https://www.youtube.com/channel/UCY4KBzU35UciYW-tmRbjlxA,2025-06-11,17,51559,32,1611,1,465,0.29,4대성인 말씀 쉽게 설명 ㅋㅋㅋㅋ   #공자 #예수님 #부처님 #소크라테스,465,27.35,1
역시나(천명지위성-장자의 대자유),UCZEFzFVAjJZkIFiahU8q6xA,https://www.youtube.com/channel/UCZEFzFVAjJZkIFiahU8q6xA,2021-07-02,16,2951,318,9,1,20,2.16,철학적 반전  쇼펜하우어와 우파니샤드,20,1.25,1
말뚝이의 철학 모험,UCFNzBE30aXAYitU1hEQYaQQ,https://www.youtube.com/channel/UCFNzBE30aXAYitU1hEQYaQQ,2022-11-26,10,792,39,20,1,8,0.39,빔 벤더스 감독의 영화 '퍼펙트 데이즈' 관람 후기,8,0.8,0
김수기,UCGClrHXrANM0EDClPU0L80g,https://www.youtube.com/channel/UCGClrHXrANM0EDClPU0L80g,2013-05-25,9,5356,1,5356,1,5356,1,[5분 맛보기] 강신주 법회 : 매달린 절벽에서 손을 뗄 수 있는가?,5356,595.11,0
소나무철학,UCZJB9hCwsA9rRR7vdVsmaAQ,https://www.youtube.com/channel/UCZJB9hCwsA9rRR7vdVsmaAQ,2025-12-04,5,207,19,11,1,7,0.64,두려움을 넘어서는 방법 I 불교와 스토아가 말하는 두려움의 의미,7,1.4,1
Best Quotes,UCiONwrOvJ9NCdShCYXYa5_w,https://www.youtube.com/channel/UCiONwrOvJ9NCdShCYXYa5_w,2023-02-25,5,951,8,119,1,203,1.71,깊이 새겨야 할 아리스토텔레스 명언 7선 #명언 #아리스토텔레스 #shorts,203,40.6,0
반딧불의 철학,UCOUJRJfsON8x4Xe3K7DDf3Q,https://www.youtube.com/channel/UCOUJRJfsON8x4Xe3K7DDf3Q,2025-06-01,4,2889,12,241,1,308,1.28,불교와 스토아 철학이 말하는 집착을 끊는 5가지 방법,308,77,1
myrubatotree,UC0npBTo5bCr8CqaSoSzPFVA,https://www.youtube.com/channel/UC0npBTo5bCr8CqaSoSzPFVA,2024-07-20,4,824,16,52,1,193,3.75,"4대 성인이 말하는 행복 한마디(소크라테스, 석가모니, 공자, 예수)",193,48.25,1
오후쉼표,UCdvf2gayC7eaB1c_Fx-mmAA,https://www.youtube.com/channel/UCdvf2gayC7eaB1c_Fx-mmAA,2025-12-03,3,215,17,13,1,5,0.4,"[인생지혜]🐢 나만의 속도로 살아도 괜찮아요 | 노자, 니체, 법정 스님이 말하는 느린 삶의 지혜 | 오후쉼표 인생지혜",5,1.67,1
원통,UCFNM_IVuH0YpcNlXrFm1NXg,https://www.youtube.com/channel/UCFNM_IVuH0YpcNlXrFm1NXg,2021-03-12,2,51,2,26,1,43,1.69,쇼펜하우어와 불교ㅡ안삼환1,43,21.5,1
재미난 철학이야기,UCta8QCz1H3McQtbmPuSubUw,https://www.youtube.com/channel/UCta8QCz1H3McQtbmPuSubUw,2025-09-04,2,583,19,31,1,413,13.46,무(無)와 실존주의: 동양과 서양 철학이 만난 놀라운 공통점,413,206.5,0
날나리_,UCfgbD3jtYnSQnQBx224d7hA,https://www.youtube.com/channel/UCfgbD3jtYnSQnQBx224d7hA,2020-11-25,1,264,2,132,1,73,0.55,"출근길엔 니체, 퇴근길엔 장자 - 책 한줄 요약 & 솔직 리뷰",73,73,1
짧은지혜,UCS5UzXnewAelAOglUyyWE5Q,https://www.youtube.com/channel/UCS5UzXnewAelAOglUyyWE5Q,2025-05-03,1,197,2,99,1,65,0.66,중용의 지혜: 공자의 균형 잡힌 삶,65,65,0
도파민 폭탄 제작소,UCErvni6ywStFZ5TDlAWXYeQ,https://www.youtube.com/channel/UCErvni6ywStFZ5TDlAWXYeQ,2016-09-04,0,97,1,97,1,97,1,전세계 사람들이 공감할 만한 철학자들의 명언,97,,0